NR_EMENDA,PARLAMENTAR,COUO_COUG,NOME_UO,UNIDADE,PROGRAMA_TRABALHO,SUBTITULO,NATUREZA_DESPESA,NR_OFICIO,OBJETO,OBSERVACAO,CNPJ_MROSC,NOME_INST,IMPOSITIVA,SITUACAO,EXEQUIBILIDADE,STATUS_OFICIO,SOLICITADO,DATA_SOLICITACAO,AUTORIZADO,DATA_AUTORIZACAO,LIBERADO,DATA_LIBERACAO,DESBLOQUEADO_OFICIO,DATA_DESBLOQUEIO,NOTA_DOTACAO,BLOQUEIO_OFICIO,SALDO_OFICIO
183.01,Wellington Luiz,26205/200202,DEPARTAMENTO DE ESTRADAS DE RODAGEM,26205-DER,26.451.6209.1110.8205,APOIO A EXECUC?O DE OBRAS DE URBANIZAC?O,449051,14778,ESTACIONAMENTO DA PRAINHA - LAGO NORTE - DF 005.,EXECUÇÃO DE PAVIMENTAÇÃO ASFÁLTICA  DER-DISTRITO FEDERAL.,,,Sim,Analisado,Sim,Desbloqueado,1134687.96,2025-04-01,1134687.96,2025-04-01,1134687.96,2025-04-04,1134687.96,2025-04-04,2025ND00322,0,1134687.96
183.01,Wellington Luiz,26205/200202,DEPARTAMENTO DE ESTRADAS DE RODAGEM,26205-DER,26.451.6209.1110.8205,APOIO A EXECUC?O DE OBRAS DE URBANIZAC?O,449051,15121,"PAVIMENTAÇÃO ASFÁLTICA - RUA DOS PINHEIROS - PONTE ALTA NORTE, RA II - GAMA","De acordo com orientação do mandato e obedecidos requisitos técnicos e legais, recurso destinado a pavimentação asfáltica dos últimos 150 metros da Rua dos Pinheiros, situada na Ponte Alta Norte - Região Administrativa do Gama - RA II.",,,Sim,Analisado,Sim,Desbloqueado,100000.0,2025-04-28,100000.0,2025-05-12,100000.0,2025-05-16,100000.0,2025-05-16,2025ND00485,0,100000.0
183.01,Wellington Luiz,26205/200202,DEPARTAMENTO DE ESTRADAS DE RODAGEM,26205-DER,26.451.6209.1110.8205,APOIO A EXECUC?O DE OBRAS DE URBANIZAC?O,339039,16117,"PAVIMENTAÇÃO ASFÁLTICA - RUA SABIÁ- PONTE ALTA NORTE, RA II - GAMA","De acordo com orientação do mandato e obedecidos requisitos técnicos e legais, recurso destinado a pavimentação da RUA SABIÁ, situada na Ponte Alta Norte - Região Administrativa do Gama - RA II.",,,Sim,Analisado,Sim,Desbloqueado,820000.0,2025-06-10,820000.0,2025-07-08,820000.0,2025-07-11,820000.0,2025-07-11,2025ND00670,0,820000.0
183.01,Wellington Luiz,26205/200202,DEPARTAMENTO DE ESTRADAS DE RODAGEM,26205-DER,26.451.6209.1110.8205,APOIO A EXECUC?O DE OBRAS DE URBANIZAC?O,449051,16118,"PAVIMENTAÇÃO ASFÁLTICA - RUA SABIÁ- PONTE ALTA NORTE, RA II - GAMA","De acordo com orientação do mandato e obedecidos requisitos técnicos e legais, recurso destinado a pavimentação da RUA SABIÁ, situada na Ponte Alta Norte - Região Administrativa do Gama - RA II.",,,Sim,Em Análise,,Anulado,0.0,2025-06-10,0.0,,0.0,,0.0,,,0,0.0
183.01,Wellington Luiz,26205/200202,DEPARTAMENTO DE ESTRADAS DE RODAGEM,26205-DER,26.451.6209.1110.8205,APOIO A EXECUC?O DE OBRAS DE URBANIZAC?O,339039,16444,"PAVIMENTAÇÃO ASFÁLTICA - RUA SABIÁ- PONTE ALTA NORTE, RA II - GAMA","De acordo com orientação do mandato e obedecidos requisitos técnicos e legais, recurso destinado a pavimentação da RUA SABIÁ, situada na Ponte Alta Norte - Região Administrativa do Gama - RA II.",,,Sim,Analisado,Sim,Desbloqueado,80312.0,2025-07-02,80312.0,2025-07-08,80312.0,2025-07-11,80312.0,2025-07-11,2025ND00670,0,80312.0
183.01,Wellington Luiz,26205/200202,DEPARTAMENTO DE ESTRADAS DE RODAGEM,26205-DER,26.451.6209.1110.8205,APOIO A EXECUC?O DE OBRAS DE URBANIZAC?O,449051,17554,"PAVIMENTAÇÃO DE ÁREA PÚBLICA NA RUA ALAMEDAS DOS
IPÊS PRÓXIMO AO CONDOMÍNIO RESIDENCIAL VILLA VERDE, CONDOMÍNIO PRYSMA E CONDOMÍNIO MONTE CASTELO.",Oficio n 01/2025.,,,Sim,Devolvido,,Em Análise Unidade,100000.0,2025-10-13,0.0,,0.0,,0.0,,,0,0.0
183.01,Wellington Luiz,26205/200202,DEPARTAMENTO DE ESTRADAS DE RODAGEM,26205-DER,26.451.6209.1110.8205,APOIO A EXECUC?O DE OBRAS DE URBANIZAC?O,339039,15504,"PAVIMENTAÇÃO ASFÁLTICA - RUA SABIÁ- PONTE ALTA NORTE, RA II - GAMA","De acordo com orientação do mandato e obedecidos requisitos técnicos e legais, recurso destinado a pavimentação da RUA SABIÁ, situada na Ponte Alta Norte - Região Administrativa do Gama - RA II.",,,Sim,Analisado,Sim,Anulado,0.0,2025-05-13,0.0,,0.0,,0.0,,,0,0.0
184.01,Wellington Luiz,40201/150201,FUNDAÇÃO DE APOIO À PESQUISA DO DISTRITO FEDERAL,40201-FAP,19.573.6207.9118.0054,APOIO A TRANSFERÊNCIA DE RECURSOS PARA DIFUSÃO CIENTÍFICA E TECNOLÓGICA,445042,14847,"PROJETO ""PRODUÇÃO ORGÂNICA DE PLANTAS MEDICINAIS"".","Conforme a orientação do mandato e obedecidos os requisitos técnicos e legais, recurso destinado a apoiar o Projeto Produção Orgânica de Plantas Medicinais, Aromáticas e Condimentares, conforme Ofício nº 02/2025/FAV.",37.116.704/0001-34,FUNDACAO DE EMPREENDIMENTOS CIENTIFICOS E TECNOLOGICOS,Não,Devolvido,,Anulado,0.0,2025-04-04,0.0,,0.0,,0.0,,,0,0.0
184.01,Wellington Luiz,40201/150201,FUNDAÇÃO DE APOIO À PESQUISA DO DISTRITO FEDERAL,40201-FAP,19.573.6207.9118.0054,APOIO A TRANSFERÊNCIA DE RECURSOS PARA DIFUSÃO CIENTÍFICA E TECNOLÓGICA,335041,16395,"""PRODUÇÃO ORGÂNICA DE PLANTAS MEDICINAIS, AROMÁTICAS E CONDIMENTARES: EMPODERAMENTO DE AGRICULTORES E MELHORIAS NA QUALIDADE DE VIDA NO CAMPO E NAS CIDADES""",OFÍCIO Nº 03/2025/FAV.,37.116.704/0001-34,FUNDACAO DE EMPREENDIMENTOS CIENTIFICOS E TECNOLOGICOS,Não,Em Análise,,Anulado,0.0,2025-07-02,0.0,,0.0,,0.0,,,0,0.0
184.01,Wellington Luiz,40201/150201,FUNDAÇÃO DE APOIO À PESQUISA DO DISTRITO FEDERAL,40201-FAP,19.573.6207.9118.0054,APOIO A TRANSFERÊNCIA DE RECURSOS PARA DIFUSÃO CIENTÍFICA E TECNOLÓGICA,445042,16397,"""PRODUÇÃO ORGÂNICA DE PLANTAS MEDICINAIS, AROMÁTICAS E CONDIMENTARES: EMPODERAMENTO DE AGRICULTORES E MELHORIAS NA QUALIDADE DE VIDA NO CAMPO E NAS CIDADES""",Ofício Nº 03/2025/FAV,37.116.704/0001-34,FUNDACAO DE EMPREENDIMENTOS CIENTIFICOS E TECNOLOGICOS,Não,Analisado,Sim,Desbloqueado,26270.0,2025-07-02,26270.0,2025-09-22,26270.0,2025-09-26,26270.0,2025-09-26,2025ND00175,0,26270.0
184.01,Wellington Luiz,40201/150201,FUNDAÇÃO DE APOIO À PESQUISA DO DISTRITO FEDERAL,40201-FAP,19.573.6207.9118.0054,APOIO A TRANSFERÊNCIA DE RECURSOS PARA DIFUSÃO CIENTÍFICA E TECNOLÓGICA,335041,16449,"PROJETO DE DESENVOLVIMENTO LOCAL
DO DISTRITO FEDERAL - ""PRODUÇÃO ORGÂNICA DE PLANTAS MEDICINAIS.","Conforme a orientação do mandato e obedecidos os requisitos técnicos e legais, recurso destinado a apoiar o Projeto Produção Orgânica de Plantas Medicinais, Aromáticas e Condimentares, conforme Ofício nº 04/2025/FAV.",37.116.704/0001-34,FUNDACAO DE EMPREENDIMENTOS CIENTIFICOS E TECNOLOGICOS,Não,Analisado,Sim,Desbloqueado,273730.0,2025-07-02,273730.0,2025-09-22,273730.0,2025-09-26,273730.0,2025-09-26,2025ND00176,0,273730.0
185.01,Wellington Luiz,19101/130103,SECRETARIA DE ESTADO DE ECONOMIA,19101-SEEC,04.122.0001.9106.0010,APOIO A REALIZAC?O DE CURSO DE FORMAC?O,339048,16147,CURSOS DE FORMAÇÃO DE SERVIDORES.,"ESSES RECURSOS SÃO ESSENCIAIS PARA A REALIZAÇÃO DO CURSO DE FORMAÇÃO PARA OS CANDIDATOS APROVADOS NAS ESPECIALIDADES DE TRANSPORTE E CONTROLE AMBIENTAL, CONTRIBUINDO PARA A QUALIFICAÇÃO TECNICA E CONSEQUENTEMENTE, PARA O FORTALECIMENTO DE PRESTAÇAO DOAS SERVIÇOS PUBLICOS.",,,Não,Devolvido,,Em Análise Unidade,520000.0,2025-06-11,0.0,,0.0,,0.0,,,0,0.0
186.01,Wellington Luiz,19101/130103,SECRETARIA DE ESTADO DE ECONOMIA,19101-SEEC,04.128.6203.4088.5825,APOIO A REALIZAC?O DE CAPACITAC?O DE SERVIDORES,339039,16149,CURSO DE FORMAÇÃO DE SERVIDORES.,"ESSES RECURSOS SÃO ESSENCIAIS PARA A REALIZAÇÃO DO CURSO DE FORMAÇÃO PARA OS CANDIDATOS APROVADOS NAS ESPECIALIDADES DE TRANSPORTE E CONTROLE AMBIENTAL, CONTRIBUINDO PARA A QUALIFICAÇÃO TECNICA E CONSEQUENTEMENTE, PARA O FORTALECIMENTO DE PRESTAÇAO DOS SERVIÇOS PUBLICOS.",,,Não,Devolvido,,Em Análise Unidade,480000.0,2025-06-11,0.0,,0.0,,0.0,,,0,0.0
187.01,Wellington Luiz,18101/160101,SECRETARIA DE ESTADO DE  EDUCAÇÃO DO DISTRITO FEDE,18101-SEE,12.122.6221.9068.0400,APOIO A REALIZACAO DE PROGRAMA DESCENTRALIZAC?O DE RECURSOS FINANCEIROS PARA AS ESCOLAS - PDAF,335043,16582,ESCOLA CLASSE 510 - SAMAMBAIA,"Em atendimento ao Ofício 21/2025 atendido os critérios técnicos e legais, recurso para atender as despesas de custeio especificadas no documento.",,,Sim,Analisado,Sim,Em Análise SERP,125000.0,2025-07-17,0.0,,0.0,,0.0,,,0,0.0
187.01,Wellington Luiz,18101/160101,SECRETARIA DE ESTADO DE  EDUCAÇÃO DO DISTRITO FEDE,18101-SEE,12.122.6221.9068.0400,APOIO A REALIZACAO DE PROGRAMA DESCENTRALIZAC?O DE RECURSOS FINANCEIROS PARA AS ESCOLAS - PDAF,445042,16585,ESCOLA CLASSE 510 - SAMAMBAIA,"Em atendimento ao Ofício 04/2025 e atendido os critérios técnicos e legais, recurso para atender as despesas de capital especificadas no documento.",,,Sim,Analisado,Sim,Em Análise SERP,75000.0,2025-07-17,0.0,,0.0,,0.0,,,0,0.0
187.01,Wellington Luiz,18101/160101,SECRETARIA DE ESTADO DE  EDUCAÇÃO DO DISTRITO FEDE,18101-SEE,12.122.6221.9068.0400,APOIO A REALIZACAO DE PROGRAMA DESCENTRALIZAC?O DE RECURSOS FINANCEIROS PARA AS ESCOLAS - PDAF,335043,16615,ESCOLA CLASSE 16 DE CEILÂNDIA,"Em atendimento ao Ofício 01/2025- EC.16 e atendido os critérios técnicos e legais, recurso para atender as despesas de custeio especificadas no documento.",,,Sim,Analisado,Sim,Desbloqueado,75000.0,2025-07-21,75000.0,2025-09-24,75000.0,2025-09-26,75000.0,2025-09-26,2025ND01861,0,75000.0
187.01,Wellington Luiz,18101/160101,SECRETARIA DE ESTADO DE  EDUCAÇÃO DO DISTRITO FEDE,18101-SEE,12.122.6221.9068.0400,APOIO A REALIZACAO DE PROGRAMA DESCENTRALIZAC?O DE RECURSOS FINANCEIROS PARA AS ESCOLAS - PDAF,445042,16783,"PDAF CENTRO DE ENSINO FUNDAMENTAL 410
NORTE.","Ao cumprimentá-lo cordialmente pelos relevantes serviços prestados ao Distrito Federal, como deputado Distrital, motivo pelo qual nos leva ao inquestionável reconhecimento da importância de tê-lo como representante frente à Câmara
Legislativa, venho por meio deste, solicitar ao Deputado, que conceda emenda parlamentar:
Custeio Manutenção e reforma da Cantina valor R$ 70.000,00
Capital Aquisição de equipamentos como forno
industrial valor R$ 20.000,00
A escola pública Centro de Ensino Fundamental 410 Norte, situada na SQN 410 - Área Especial - Brasília - DF, registrado sob o CNPJ 00417394/0001-88, atende, aproximadamente, 480 estudantes, residentes principalmente no Plano Piloto, Paranoá e Varjão, nos turnos matutino e vespertino, com as 6º, 7º, 8º e 9º anos do ensino fundamental. Por ser uma edificação antiga (50 anos), a escola precisa de manutenção
periódica e reformas para limitar a deterioração dos materiais e componentes, a fim de garantir sua durabilidade.
Diante do exposto, solicitamos e contamos com vossa sensibilidade na liberação dessa verba para realização desse projeto de manutenção e reforma da Cantina, que, certamente, impactará na melhoria do bem-estar e na qualidade do trabalho, o que levará a um maior contentamento tanto dos estudantes atendidos como dos servidores.",,,Sim,Analisado,Sim,Em Análise SERP,20000.0,2025-08-11,0.0,,0.0,,0.0,,,0,0.0
187.01,Wellington Luiz,18101/160101,SECRETARIA DE ESTADO DE  EDUCAÇÃO DO DISTRITO FEDE,18101-SEE,12.122.6221.9068.0400,APOIO A REALIZACAO DE PROGRAMA DESCENTRALIZAC?O DE RECURSOS FINANCEIROS PARA AS ESCOLAS - PDAF,335043,16784,PDAF CENTRO DE ENSINO FUNDAMENTAL 410 NORTE.,"Ao cumprimentá-lo cordialmente pelos relevantes serviços prestados ao Distrito Federal, como deputado Distrital, motivo pelo qual nos leva ao inquestionável reconhecimento da importância de tê-lo como representante frente à Câmara
Legislativa, venho por meio deste, solicitar ao Deputado, que conceda emenda parlamentar:
Custeio Manutenção e reforma da Cantina valor R$ 70.000,00
Capital Aquisição de equipamentos como forno
industrial valor R$ 20.000,00
A escola pública Centro de Ensino Fundamental 410 Norte, situada na SQN 410 - Área Especial - Brasília - DF, registrado sob o CNPJ 00417394/0001-88, atende, aproximadamente, 480 estudantes, residentes principalmente no Plano Piloto, Paranoá e Varjão, nos turnos matutino e vespertino, com as 6º, 7º, 8º e 9º anos do ensino fundamental. Por ser uma edificação antiga (50 anos), a escola precisa de manutenção
periódica e reformas para limitar a deterioração dos materiais e componentes, a fim de garantir sua durabilidade.
Diante do exposto, solicitamos e contamos com vossa sensibilidade na liberação dessa verba para realização desse projeto de manutenção e reforma da Cantina, que,
certamente, impactará na melhoria do bem-estar e na qualidade do trabalho, o que levará a um maior contentamento tanto dos estudantes atendidos como dos servidores.",,,Sim,Analisado,Sim,Em Análise SERP,70000.0,2025-08-11,0.0,,0.0,,0.0,,,0,0.0
187.01,Wellington Luiz,18101/160101,SECRETARIA DE ESTADO DE  EDUCAÇÃO DO DISTRITO FEDE,18101-SEE,12.122.6221.9068.0400,APOIO A REALIZACAO DE PROGRAMA DESCENTRALIZAC?O DE RECURSOS FINANCEIROS PARA AS ESCOLAS - PDAF,335043,16850,ESCOLA CLASSE 13 DE PLANALTINA,"Em atendimento ao Ofício 09/2025 e atendido os critérios técnicos e legais, recurso para atender as despesas de custeio especificadas no documento.",,,Sim,Analisado,Sim,Em Análise SERP,120000.0,2025-08-14,0.0,,0.0,,0.0,,,0,0.0
187.01,Wellington Luiz,18101/160101,SECRETARIA DE ESTADO DE  EDUCAÇÃO DO DISTRITO FEDE,18101-SEE,12.122.6221.9068.0400,APOIO A REALIZACAO DE PROGRAMA DESCENTRALIZAC?O DE RECURSOS FINANCEIROS PARA AS ESCOLAS - PDAF,335043,17691,PDAF ESCOLA CLASSE 19 DE CEILÂNDIA,Solicitação de recursos paramelhorias na infraestrutura das salas de aula.,,,Sim,Analisado,Sim,Em Análise SERP,94000.0,2025-10-20,0.0,,0.0,,0.0,,,0,0.0
187.01,Wellington Luiz,18101/160101,SECRETARIA DE ESTADO DE  EDUCAÇÃO DO DISTRITO FEDE,18101-SEE,12.122.6221.9068.0400,APOIO A REALIZACAO DE PROGRAMA DESCENTRALIZAC?O DE RECURSOS FINANCEIROS PARA AS ESCOLAS - PDAF,445042,13649,PDAF CENTRO DE ENSINO FUNDAMENTAL 10 DE TAGUATINGA.,"Com nossos cumprimentos, vimos, por meio deste, solicitar a Vossa Excelência a  destinação de emenda parlamentar para nossa Unidade Escolar, situada em Taguatinga Sul, com o objetivo
de viabilizar a aquisição de 15 (quinze) aparelhos de ar-condicionado para as salas de aula.
A presente solicitação se faz necessária devido às altas temperaturas registradas em nossa  região, que impactam diretamente no conforto e no desempenho dos alunos e professores. A instalação dos
aparelhos contribuirá   significativamente para a melhoria do ambiente escolar, proporcionando condições  mais adequadas para o ensino e aprendizado.
Ressaltamos que a UE atende 800 alunos e a verba que recebemos do PDAF é insuficiente
para atender tal demanda. Por isso, contamos com o apoio do parlamentar para melhoria de nossa Unidade
Escolar.",,,Sim,Analisado,Sim,Desbloqueado,50000.0,2025-02-06,50000.0,2025-02-20,50000.0,2025-02-21,50000.0,2025-02-21,2025ND00401,0,50000.0
187.01,Wellington Luiz,18101/160101,SECRETARIA DE ESTADO DE  EDUCAÇÃO DO DISTRITO FEDE,18101-SEE,12.122.6221.9068.0400,APOIO A REALIZACAO DE PROGRAMA DESCENTRALIZAC?O DE RECURSOS FINANCEIROS PARA AS ESCOLAS - PDAF,335043,13980,ESCOLA CLASSE 13 DE PLANALTINA - PDAF,OFICIO 52/2024.,,,Sim,Analisado,Sim,Desbloqueado,100000.0,2025-02-24,100000.0,2025-08-21,100000.0,2025-08-22,100000.0,2025-08-22,2025ND01604,0,100000.0
187.01,Wellington Luiz,18101/160101,SECRETARIA DE ESTADO DE  EDUCAÇÃO DO DISTRITO FEDE,18101-SEE,12.122.6221.9068.0400,APOIO A REALIZACAO DE PROGRAMA DESCENTRALIZAC?O DE RECURSOS FINANCEIROS PARA AS ESCOLAS - PDAF,335043,13981,ESCOLA CLASSE 14 DE PLANALTINA - PDAF,OFICIO N° 25/2024,,,Sim,Analisado,Sim,Desbloqueado,100000.0,2025-02-24,100000.0,2025-08-21,100000.0,2025-08-22,100000.0,2025-08-22,2025ND01604,0,100000.0
187.01,Wellington Luiz,18101/160101,SECRETARIA DE ESTADO DE  EDUCAÇÃO DO DISTRITO FEDE,18101-SEE,12.122.6221.9068.0400,APOIO A REALIZACAO DE PROGRAMA DESCENTRALIZAC?O DE RECURSOS FINANCEIROS PARA AS ESCOLAS - PDAF,335043,13983,ESCOLA CLASSE 04 DE PLANALTINA - PDAF,OFICIO Nº 12/2024 - SEE/CREPLAN/EC 04,,,Sim,Analisado,Sim,Desbloqueado,65000.0,2025-02-24,65000.0,2025-08-21,65000.0,2025-08-22,65000.0,2025-08-22,2025ND01604,0,65000.0
187.01,Wellington Luiz,18101/160101,SECRETARIA DE ESTADO DE  EDUCAÇÃO DO DISTRITO FEDE,18101-SEE,12.122.6221.9068.0400,APOIO A REALIZACAO DE PROGRAMA DESCENTRALIZAC?O DE RECURSOS FINANCEIROS PARA AS ESCOLAS - PDAF,445042,13985,ESCOLA CLASSE 04 DE PLANALTINA - PDAF,OFICIO Nº 12/2024 - SEE/CREPLAN/EC 04,,,Sim,Analisado,Sim,Desbloqueado,35000.0,2025-02-24,35000.0,2025-08-21,35000.0,2025-08-22,35000.0,2025-08-22,2025ND01605,0,35000.0
187.01,Wellington Luiz,18101/160101,SECRETARIA DE ESTADO DE  EDUCAÇÃO DO DISTRITO FEDE,18101-SEE,12.122.6221.9068.0400,APOIO A REALIZACAO DE PROGRAMA DESCENTRALIZAC?O DE RECURSOS FINANCEIROS PARA AS ESCOLAS - PDAF,335043,13987,"DIRETORIA REGIONAL DE ENSINO DE PLANATINA.
CEF 04 - COLÉGIO CÍVICO - MILITAR DO DISTRITO FEDERAL - PDAF",OFICIO Nº 89/2024,,,Sim,Analisado,Sim,Desbloqueado,100000.0,2025-02-24,100000.0,2025-08-21,100000.0,2025-08-22,100000.0,2025-08-22,2025ND01604,0,100000.0
187.01,Wellington Luiz,18101/160101,SECRETARIA DE ESTADO DE  EDUCAÇÃO DO DISTRITO FEDE,18101-SEE,12.122.6221.9068.0400,APOIO A REALIZACAO DE PROGRAMA DESCENTRALIZAC?O DE RECURSOS FINANCEIROS PARA AS ESCOLAS - PDAF,335043,14249,PDAF CENTRO EDUCACIONAL ENGENHO DAS LAJES.,Ofício Nº 1/2025 - SEE/CREGAMA/CED ENGENHO,,,Sim,Analisado,Sim,Desbloqueado,100000.0,2025-03-11,100000.0,2025-06-11,100000.0,2025-06-13,100000.0,2025-06-13,2025ND01224,0,100000.0
187.01,Wellington Luiz,18101/160101,SECRETARIA DE ESTADO DE  EDUCAÇÃO DO DISTRITO FEDE,18101-SEE,12.122.6221.9068.0400,APOIO A REALIZACAO DE PROGRAMA DESCENTRALIZAC?O DE RECURSOS FINANCEIROS PARA AS ESCOLAS - PDAF,335043,14251,PDAF - ESCOLA CLASSE VILA DO BOA,OFICIO N° 10/2025.,,,Sim,Analisado,Sim,Desbloqueado,100000.0,2025-03-11,100000.0,2025-06-11,100000.0,2025-06-13,100000.0,2025-06-13,2025ND01224,0,100000.0
187.01,Wellington Luiz,18101/160101,SECRETARIA DE ESTADO DE  EDUCAÇÃO DO DISTRITO FEDE,18101-SEE,12.122.6221.9068.0400,APOIO A REALIZACAO DE PROGRAMA DESCENTRALIZAC?O DE RECURSOS FINANCEIROS PARA AS ESCOLAS - PDAF,335043,14252,PDAF - CENTRO DE EDUCAÇÃO INFANTIL 416 DE SANTA MARIA,OFICIO 01/2025.,,,Sim,Analisado,Sim,Em Análise SERP,70000.0,2025-03-11,0.0,,0.0,,0.0,,,0,0.0
187.01,Wellington Luiz,18101/160101,SECRETARIA DE ESTADO DE  EDUCAÇÃO DO DISTRITO FEDE,18101-SEE,12.122.6221.9068.0400,APOIO A REALIZACAO DE PROGRAMA DESCENTRALIZAC?O DE RECURSOS FINANCEIROS PARA AS ESCOLAS - PDAF,335043,14253,PDAF - ESCOLA CLASSE 01 DO GUARÁ,OFICIO N° 01/ 2025,,,Sim,Analisado,Sim,Em Análise SERP,100000.0,2025-03-11,0.0,,0.0,,0.0,,,0,0.0
187.01,Wellington Luiz,18101/160101,SECRETARIA DE ESTADO DE  EDUCAÇÃO DO DISTRITO FEDE,18101-SEE,12.122.6221.9068.0400,APOIO A REALIZACAO DE PROGRAMA DESCENTRALIZAC?O DE RECURSOS FINANCEIROS PARA AS ESCOLAS - PDAF,335043,14301,PDAF CENTRO DE ENSINO MÉDIA URSO BRANCO.,OFICIO N°01/2025 - CEMUB,,,Sim,Analisado,Sim,Desbloqueado,100000.0,2025-03-13,100000.0,2025-08-11,100000.0,2025-08-19,100000.0,2025-08-19,2025ND01583,0,100000.0
187.01,Wellington Luiz,18101/160101,SECRETARIA DE ESTADO DE  EDUCAÇÃO DO DISTRITO FEDE,18101-SEE,12.122.6221.9068.0400,APOIO A REALIZACAO DE PROGRAMA DESCENTRALIZAC?O DE RECURSOS FINANCEIROS PARA AS ESCOLAS - PDAF,335043,14832,PDAF (ODC) - APAM DO CEF CERÂMICA SÃO PAULO.,"Em atendimento ao arquivo em anexo, e atendido os critérios técnicos e legais, recurso para atender as despesas especificadas no documento.",,,Sim,Analisado,Sim,Em Análise SERP,100000.0,2025-04-03,0.0,,0.0,,0.0,,,0,0.0
187.01,Wellington Luiz,18101/160101,SECRETARIA DE ESTADO DE  EDUCAÇÃO DO DISTRITO FEDE,18101-SEE,12.122.6221.9068.0400,APOIO A REALIZACAO DE PROGRAMA DESCENTRALIZAC?O DE RECURSOS FINANCEIROS PARA AS ESCOLAS - PDAF,335043,14834,PDAF (ODC) - CEF ATHOS BULCÃO,"Em atendimento ao Ofício 06/2025 e atendido os critérios técnicos e legais, recurso para atender as despesas de custeio especificadas no documento.",,,Sim,Analisado,Sim,Desbloqueado,100000.0,2025-04-03,100000.0,2025-08-11,100000.0,2025-08-19,100000.0,2025-08-19,2025ND01583,0,100000.0
187.01,Wellington Luiz,18101/160101,SECRETARIA DE ESTADO DE  EDUCAÇÃO DO DISTRITO FEDE,18101-SEE,12.122.6221.9068.0400,APOIO A REALIZACAO DE PROGRAMA DESCENTRALIZAC?O DE RECURSOS FINANCEIROS PARA AS ESCOLAS - PDAF,445042,14835,PDAF (INV) - CEF ATHOS BULCÃO.,"Em atendimento ao Ofício 06/2025 e atendido os critérios técnicos e legais, recurso para atender as despesas de capital especificadas no documento.",,,Sim,Analisado,Sim,Desbloqueado,100000.0,2025-04-03,100000.0,2025-08-11,100000.0,2025-08-19,100000.0,2025-08-19,2025ND01584,0,100000.0
187.01,Wellington Luiz,18101/160101,SECRETARIA DE ESTADO DE  EDUCAÇÃO DO DISTRITO FEDE,18101-SEE,12.122.6221.9068.0400,APOIO A REALIZACAO DE PROGRAMA DESCENTRALIZAC?O DE RECURSOS FINANCEIROS PARA AS ESCOLAS - PDAF,335043,14907,PDAF (ODC) - CEF 802 DO RECANTO DAS EMAS.,"Em atendimento ao Ofício 01/2025/ SEE/CREREMAS/CEF 802 e atendido os critérios técnicos e legais, recurso para atender as despesas de custeio especificadas no documento.",,,Sim,Analisado,Sim,Em Análise SERP,100000.0,2025-04-09,0.0,,0.0,,0.0,,,0,0.0
187.01,Wellington Luiz,18101/160101,SECRETARIA DE ESTADO DE  EDUCAÇÃO DO DISTRITO FEDE,18101-SEE,12.122.6221.9068.0400,APOIO A REALIZACAO DE PROGRAMA DESCENTRALIZAC?O DE RECURSOS FINANCEIROS PARA AS ESCOLAS - PDAF,445042,14924,PDAF (INV) - CENTRO EDUCACIONAL DO LAGO - CEL,"Em atendimento ao Ofício 04/2025 e atendido os critérios técnicos e legais, recurso para atender as despesas de capital especificadas no documento.",,,Sim,Analisado,Sim,Em Análise SERP,120000.0,2025-04-10,0.0,,0.0,,0.0,,,0,0.0
187.01,Wellington Luiz,18101/160101,SECRETARIA DE ESTADO DE  EDUCAÇÃO DO DISTRITO FEDE,18101-SEE,12.122.6221.9068.0400,APOIO A REALIZACAO DE PROGRAMA DESCENTRALIZAC?O DE RECURSOS FINANCEIROS PARA AS ESCOLAS - PDAF,335043,14928,PDAF (ODC) - CEF 01 NÚCLEO BANDEIRANTE.,"Em atendimento ao Ofício 01/2025  SEE/CRENB/CEF 01 e atendido os critérios técnicos e legais, recurso para atender as despesas de custeio especificadas no documento.",,,Sim,Analisado,Sim,Em Análise SERP,70000.0,2025-04-15,0.0,,0.0,,0.0,,,0,0.0
187.01,Wellington Luiz,18101/160101,SECRETARIA DE ESTADO DE  EDUCAÇÃO DO DISTRITO FEDE,18101-SEE,12.122.6221.9068.0400,APOIO A REALIZACAO DE PROGRAMA DESCENTRALIZAC?O DE RECURSOS FINANCEIROS PARA AS ESCOLAS - PDAF,335043,14956,PDAF (ODC) - EC 29 DO GAMA.,"Em atendimento ao Ofício 012/2025 - EC 29 do Gama e atendido os critérios técnicos e legais, recurso para atender as despesas de custeio especificadas no documento.",,,Sim,Analisado,Sim,Em Análise SERP,100000.0,2025-04-14,0.0,,0.0,,0.0,,,0,0.0
187.01,Wellington Luiz,18101/160101,SECRETARIA DE ESTADO DE  EDUCAÇÃO DO DISTRITO FEDE,18101-SEE,12.122.6221.9068.0400,APOIO A REALIZACAO DE PROGRAMA DESCENTRALIZAC?O DE RECURSOS FINANCEIROS PARA AS ESCOLAS - PDAF,335043,15207,PDAF (ODC) - CEMEIT,"Em atendimento ao Ofício 23/2025 e atendido os critérios técnicos e legais, recurso para atender as despesas de custeio especificadas no documento.",,,Sim,Analisado,Sim,Em Análise SERP,100000.0,2025-05-05,0.0,,0.0,,0.0,,,0,0.0
187.01,Wellington Luiz,18101/160101,SECRETARIA DE ESTADO DE  EDUCAÇÃO DO DISTRITO FEDE,18101-SEE,12.122.6221.9068.0400,APOIO A REALIZACAO DE PROGRAMA DESCENTRALIZAC?O DE RECURSOS FINANCEIROS PARA AS ESCOLAS - PDAF,335043,15542,PDAF (ODC) - ESCOLA CLASSE 01 DO GUARÁ,"Em atendimento ao Ofício 01/2025 e atendido os critérios técnicos e legais, recurso para atender as despesas de custeio especificadas no documento supramencionado.",,,Sim,Analisado,Sim,Desbloqueado,125000.0,2025-05-14,125000.0,2025-09-05,125000.0,2025-09-12,125000.0,2025-09-12,2025ND01776,0,125000.0
187.01,Wellington Luiz,18101/160101,SECRETARIA DE ESTADO DE  EDUCAÇÃO DO DISTRITO FEDE,18101-SEE,12.122.6221.9068.0400,APOIO A REALIZACAO DE PROGRAMA DESCENTRALIZAC?O DE RECURSOS FINANCEIROS PARA AS ESCOLAS - PDAF,335043,15548,PDAF (ODC) - ESCOLA CLASSE 16 DE PLANALTINA,"Em atendimento ao Ofício 07/2025 e atendido os critérios técnicos e legais, recurso para atender as despesas de custeio especificadas no documento supramencionado.",,,Sim,Analisado,Sim,Em Análise SERP,100000.0,2025-05-14,0.0,,0.0,,0.0,,,0,0.0
187.01,Wellington Luiz,18101/160101,SECRETARIA DE ESTADO DE  EDUCAÇÃO DO DISTRITO FEDE,18101-SEE,12.122.6221.9068.0400,APOIO A REALIZACAO DE PROGRAMA DESCENTRALIZAC?O DE RECURSOS FINANCEIROS PARA AS ESCOLAS - PDAF,445042,15613,PDAF (INV) - ESCOLA PÚBLICA INTEGRAL BILÍNGUE LIBRAS E PORTUGÊS ESCRITO DO PLANO PILOTO.,"Em atendimento ao Ofício 01/2025 e atendido os critérios técnicos e legais, recurso para atender as despesas de capital especificadas no documento.",,,Sim,Em Análise,,Anulado,0.0,2025-05-16,0.0,,0.0,,0.0,,,0,0.0
187.01,Wellington Luiz,18101/160101,SECRETARIA DE ESTADO DE  EDUCAÇÃO DO DISTRITO FEDE,18101-SEE,12.122.6221.9068.0400,APOIO A REALIZACAO DE PROGRAMA DESCENTRALIZAC?O DE RECURSOS FINANCEIROS PARA AS ESCOLAS - PDAF,335043,15676,PDAF (ODC) - CEM 12.,"Em atendimento ao Ofício 06/2025 e atendido os critérios técnicos e legais, recurso para atender as despesas de custeio especificadas no documento supramencionado.",,,Sim,Analisado,Sim,Em Análise SERP,50000.0,2025-05-19,0.0,,0.0,,0.0,,,0,0.0
187.01,Wellington Luiz,18101/160101,SECRETARIA DE ESTADO DE  EDUCAÇÃO DO DISTRITO FEDE,18101-SEE,12.122.6221.9068.0400,APOIO A REALIZACAO DE PROGRAMA DESCENTRALIZAC?O DE RECURSOS FINANCEIROS PARA AS ESCOLAS - PDAF,445042,15677,PDAF (INV) - CEM 12.,"Em atendimento ao Ofício 06/2025 e atendido os critérios técnicos e legais, recurso para atender as despesas de capital especificadas no supra documento supramencionado.",,,Sim,Analisado,Sim,Em Análise SERP,50000.0,2025-05-19,0.0,,0.0,,0.0,,,0,0.0
187.01,Wellington Luiz,18101/160101,SECRETARIA DE ESTADO DE  EDUCAÇÃO DO DISTRITO FEDE,18101-SEE,12.122.6221.9068.0400,APOIO A REALIZACAO DE PROGRAMA DESCENTRALIZAC?O DE RECURSOS FINANCEIROS PARA AS ESCOLAS - PDAF,445042,15679,PDAF (INV) - ESCOLA PÚBLICA INTEGRAL BILÍNGUE LIBRAS E PORTUGÊS ESCRITO DO PLANO PILOTO.,"Em atendimento ao Ofício 01/2025 e atendido os critérios técnicos e legais, recurso para atender as despesas de capital especificadas no documento suprameniconado.",,,Sim,Analisado,Sim,Em Análise SERP,100000.0,2025-05-19,0.0,,0.0,,0.0,,,0,0.0
187.01,Wellington Luiz,18101/160101,SECRETARIA DE ESTADO DE  EDUCAÇÃO DO DISTRITO FEDE,18101-SEE,12.122.6221.9068.0400,APOIO A REALIZACAO DE PROGRAMA DESCENTRALIZAC?O DE RECURSOS FINANCEIROS PARA AS ESCOLAS - PDAF,445042,13605,PDAF CENTRO INTERESCOLAR DE LÍNGUAS 02 DE BRASÍLIA.,"O Centro Interescolar de Línguas nº 2 de Brasília, comumente conhecido como CIL Asa Norte, foi criado pela Resolução nº 6.413 do Conselho Diretor da Fundação Educacional do DF, em 20 de
novembro de 1998 e funcionou provisoriamente anexo ao Centro de Médio Setor Leste até 22 de agosto de
2016, data na qual foi inaugurada a reforma do prédio que viria a ser nossa sede.
Nossa escola, apesar de possuir hoje, em todas as salas de aula, computadores com acesso à
internet e projetores Multimídia, vem enfrentando o envelhecimento e o desgaste natural desses equipamentos que estão chegando ao final de sua vida útil.
Nossa unidade de ensino atende mais de 3.200 alunos. E nossa comunidade escolar é variada, e vai desde alunos da Secretaria de Educação que iniciam o sexto ano, perpassando alunos do
ensino médio, bem como a comunidade em geral. O PDAF que temos disponível hoje não é o suficiente para o tamanho da atualização necessária.
O apoio do parlamentar para melhoria de nossa Unidade Escolar trará benefícios para os mais de 3.200 estudantes que tem a oportunidade de aprendem Línguas Estrangeiras Modernas de forma gratuita, além de contribuir com a continuidade do trabalho de excelência pelo qual somos reconhecidos.",,,Sim,Analisado,Sim,Desbloqueado,100000.0,2025-02-04,100000.0,2025-04-01,100000.0,2025-04-04,100000.0,2025-04-04,2025ND00681,0,100000.0
187.01,Wellington Luiz,18101/160101,SECRETARIA DE ESTADO DE  EDUCAÇÃO DO DISTRITO FEDE,18101-SEE,12.122.6221.9068.0400,APOIO A REALIZACAO DE PROGRAMA DESCENTRALIZAC?O DE RECURSOS FINANCEIROS PARA AS ESCOLAS - PDAF,335043,16369,PDAF (ODC) - CEF 03.,"Em atendimento ao Ofício 07/2025 e atendido os critérios técnicos e legais, recurso para atender as despesas de custeio especificadas no documento supramencionado.",,,Sim,Analisado,Sim,Desbloqueado,70000.0,2025-06-30,70000.0,2025-08-11,70000.0,2025-08-19,70000.0,2025-08-19,2025ND01583,0,70000.0
187.01,Wellington Luiz,18101/160101,SECRETARIA DE ESTADO DE  EDUCAÇÃO DO DISTRITO FEDE,18101-SEE,12.122.6221.9068.0400,APOIO A REALIZACAO DE PROGRAMA DESCENTRALIZAC?O DE RECURSOS FINANCEIROS PARA AS ESCOLAS - PDAF,445042,16378,ESCOLA CLASSE 312 NORTE,"Em atendimento ao Ofício 03/2025 e atendido os critérios técnicos e legais, recurso para atender as despesas de capital especificadas no documento.",,,Sim,Analisado,Sim,Em Análise SERP,50000.0,2025-06-30,0.0,,0.0,,0.0,,,0,0.0
188.01,Wellington Luiz,27101/310101,SECRETARIA DE ESTADO DE TURISMO DO DISTRITO FEDERA,27101-SETUR,23.695.6207.9085.0108,APOIO A REALIZACAO DE PROJETOS TURISTICOS,335041,14065,PROJETO DRIFT FOR U INVITED.,Ofício Nº51.2025 - AF,27.963.520/0001-56,ASSOCIACAO FLUIR,Não,Analisado,Sim,Desbloqueado,200000.0,2025-02-26,200000.0,2025-03-17,200000.0,2025-03-21,200000.0,2025-03-21,2025ND00099,-200000,0.0
188.01,Wellington Luiz,27101/310101,SECRETARIA DE ESTADO DE TURISMO DO DISTRITO FEDERA,27101-SETUR,23.695.6207.9085.0108,APOIO A REALIZACAO DE PROJETOS TURISTICOS,335041,14409,"PROJETO SEMINÁRIO INTERNACIONAL DE INTEGRAÇÃO TURÍSTICA, CULTURAL E PEDAGÓGICA, DA UNIPOP NO DF.",OFICIO UNIPOP 070/25,09.517.091/0001-01,INSTITUTO CULTURAL UNIVERSIDADE POPULAR,Não,Analisado,Sim,Desbloqueado,200000.0,2025-03-18,200000.0,2025-04-01,200000.0,2025-04-04,200000.0,2025-04-04,2025ND00131,-200000,0.0
188.01,Wellington Luiz,27101/310101,SECRETARIA DE ESTADO DE TURISMO DO DISTRITO FEDERA,27101-SETUR,23.695.6207.9085.0108,APOIO A REALIZACAO DE PROJETOS TURISTICOS,335041,14410,PROJETO SAMBOLA DE FUTEBOL DE BASE.,"Ao tempo que apresento meus sinceros cumprimentos, venho através deste solicitar um pedido de emenda com o valor de R$ 120.000,00 reais para o projeto SAMBOLA DE FUTEBOL DE BASE, ao qual estará disputando o campeonato de Base de Brasília no ano de 2025 pela Federação de Futebol do Distrito Federal na Categorias Sub 11, Sub 13, Sub 15 e Sub 17.
Salientamos que todos os atletas serão composto por atleta do
Cruzeiro/Estrutural com o intuito de promover a Esporte na nossa Comunidade Cruzeirense.",07.986.228/0001-41,ASSOCIACAO RECREATIVA CULTURAL SAMBOLA,Não,,Não,Anulado,0.0,,0.0,,0.0,,0.0,,,0,0.0
188.01,Wellington Luiz,27101/310101,SECRETARIA DE ESTADO DE TURISMO DO DISTRITO FEDERA,27101-SETUR,23.695.6207.9085.0108,APOIO A REALIZACAO DE PROJETOS TURISTICOS,335041,14411,PROJETO SAMBOLA DE FUTEBOL DE BASE.,"Ao tempo que apresento meus sinceros cumprimentos, venho através deste solicitar um pedido de emenda com o valor de R$ 120.000,00
reais para o projeto SAMBOLA DE FUTEBOL DE BASE, ao qual estará
disputando o campeonato de Base de Brasília no ano de 2025 pela Federação
de Futebol do Distrito Federal na Categorias Sub 11, Sub 13, Sub 15 e Sub
17.
Salientamos que todos os atletas serão composto por atleta do Cruzeiro/Estrutural com o intuito de promover a Esporte na nossa Comunidade Cruzeirense.",07.986.228/0001-41,ASSOCIACAO RECREATIVA CULTURAL SAMBOLA,Não,Analisado,Não,Anulado,0.0,2025-03-18,0.0,,0.0,,0.0,,,0,0.0
188.01,Wellington Luiz,27101/310101,SECRETARIA DE ESTADO DE TURISMO DO DISTRITO FEDERA,27101-SETUR,23.695.6207.9085.0108,APOIO A REALIZACAO DE PROJETOS TURISTICOS,335041,14593,"25ª FEICOTUR - FEIRA DA INDUSTRIA, COMERCIO E TURISMO.",OFÍCIO 010/2025.,05.488.854/0001-82,"FUNDO DE ENVOLVIMENTO DA INDUSTRIA, COMERCIO E TURISMO",Não,Analisado,Sim,Desbloqueado,100000.0,2025-03-25,100000.0,2025-04-07,100000.0,2025-04-08,100000.0,2025-04-08,2025ND00137,0,100000.0
188.01,Wellington Luiz,27101/310101,SECRETARIA DE ESTADO DE TURISMO DO DISTRITO FEDERA,27101-SETUR,23.695.6207.9085.0108,APOIO A REALIZACAO DE PROJETOS TURISTICOS,335041,15793,CAPITAL MOTO WEEK,"Conforme a orientação do mandato e obedecidos os requisitos técnicos e legais, recurso destinado a apoiar Capital Moto Week, conforme Ofício 020/2025.",24.300.747/0001-23,ASSOCIACAO SEMPER FIDELIS,Não,Analisado,Sim,Desbloqueado,250000.0,2025-05-23,250000.0,2025-06-09,250000.0,2025-06-13,250000.0,2025-06-13,2025ND00283,0,250000.0
188.01,Wellington Luiz,27101/310101,SECRETARIA DE ESTADO DE TURISMO DO DISTRITO FEDERA,27101-SETUR,23.695.6207.9085.0108,APOIO A REALIZACAO DE PROJETOS TURISTICOS,335041,16330,IATE IN CONCERT - 2025,"Conforme a orientação do mandato e obedecidos os requisitos técnicos e legais, recurso destinado a apoiar IATE IN CONCERT 2025 conforme Ofício 042/2025.
Bem como, informo que conforme manifestação parlamentar contida no Processo SEI 00001-00026145/2025-79 o Ofício supramencionado será objeto de descentralização para Secretaria da Cultura para execução do projeto.",,,Não,Analisado,Sim,Desbloqueado,200000.0,2025-06-25,200000.0,2025-06-26,200000.0,2025-07-07,200000.0,2025-07-07,2025ND00339,-200000,0.0
188.01,Wellington Luiz,27101/310101,SECRETARIA DE ESTADO DE TURISMO DO DISTRITO FEDERA,27101-SETUR,23.695.6207.9085.0108,APOIO A REALIZACAO DE PROJETOS TURISTICOS,335041,16612,IATE IN CONCERT - 2025,"Conforme a orientação do mandato e obedecidos os requisitos técnicos e legais, recurso destinado a apoiar IATE IN CONCERT 2025 conforme Ofício 042/2025.
Bem como, informo que conforme manifestação parlamentar contida no Processo SEI 00001-00029277/2025-52 o Ofício supramencionado será objeto de descentralização para Secretaria da Cultura para execução do projeto.",03.405.617/0001-85,IPCB- INSTITUTO DE PRODUCAO SOCIOEDUCATIVO E CULTURAL BRASILEIRO,Não,Analisado,Sim,Desbloqueado,200000.0,2025-07-21,200000.0,2025-07-21,200000.0,2025-07-23,200000.0,2025-07-23,2025ND00366,0,200000.0
188.01,Wellington Luiz,27101/310101,SECRETARIA DE ESTADO DE TURISMO DO DISTRITO FEDERA,27101-SETUR,23.695.6207.9085.0108,APOIO A REALIZACAO DE PROJETOS TURISTICOS,335041,17722,CAMPEONATO NACIONAL DE AIRSOFT OPEN CASCAVEL.,Of. Nº 032/2025.,28.856.160/0001-56,FADF - FEDERACAO DE AIRSOFT DO DISTRITO FEDERAL,Não,Analisado,Não,Em Análise SERP,200000.0,2025-10-22,0.0,,0.0,,0.0,,,0,0.0
188.02,Wellington Luiz,18101/160101,SECRETARIA DE ESTADO DE  EDUCAÇÃO DO DISTRITO FEDE,18101-SEE,12.363.6221.9107.0409,PROGRAMA DE VALORIZAC?O DA FORMAC?O TECNICA PROFISSIONAL 2025,335043,13647,"“PROGRAMA DE VALORIZAÇÃO DA FORMAÇÃO TÉCNICA PROFISSIONAL 2025"".","APOIO AO PROGRAMA DE VALORIZAÇÃO TÉCNICA PROFISSIONAL 2025 -
SENAC -DF) E SECRETARIA DE EDUCAÇÃO DO DF.",,,Sim,Analisado,Sim,Desbloqueado,1000000.0,2025-02-06,1000000.0,2025-03-13,1000000.0,2025-03-14,1000000.0,2025-03-14,2025ND00488,0,1000000.0
189.01,Wellington Luiz,22201/190201,COMPANHIA URBANIZADORA DA NOVA CAPITAL,22201-NOVACAP,15.451.6209.1110.8194,APOIO A REALIZACAO DE OBRAS E REFORMAS,339039,17338,"MANUTENÇÃO DO PARQUE MARIA CLÁUDIA
 DEL´ISOLA (112/113 SUL).","MANUTENÇÃO DO PARQUE MARIA CLÁUDIA
 DEL´ISOLA (112/113 SUL).",,,Sim,Analisado,Sim,Desbloqueado,285000.0,2025-09-30,285000.0,2025-10-07,285000.0,2025-10-10,285000.0,2025-10-10,2025ND01085,0,285000.0
189.01,Wellington Luiz,22201/190201,COMPANHIA URBANIZADORA DA NOVA CAPITAL,22201-NOVACAP,15.451.6209.1110.8194,APOIO A REALIZACAO DE OBRAS E REFORMAS,339039,17553,"MANUTENÇÃO DO PARQUE MARIA CLÁUDIA
DEL´ISOLA (112/113 SUL).","MANUTENÇÃO DO PARQUE MARIA CLÁUDIA
DEL´ISOLA (112/113 SUL).",,,Sim,Analisado,Sim,Em Análise SERP,300000.0,2025-10-13,0.0,,0.0,,0.0,,,0,0.0
190.01,Wellington Luiz,24105/220105,POLÍCIA CIVIL DO DISTRITO FEDERAL,24105-PCDF,06.181.6217.3029.9547,APOIO A MODERNIZAC?O E REEQUIPAMENTOS DAS UNIDADES DE SEGURANCA PUBLICA,449052,13577,APOIO  MODERNIZAÇÃO E REEQUIPAMENTO DAS UNIDADES DE SEGURANÇA PUBLICA.,"Tendo em vista que os projetos a serem executados possuem descrição, valores e cronogramas variados, solicitamos à Vossa Excelência que discrimine os subtulos nos moldes sugeridos,
o que viabilizará a efeva execução dos recursos disponibilizados de forma conjunta e conforme planejamento desta Instuição.",,,Não,Em Análise,,Anulado,0.0,2025-02-03,0.0,,0.0,,0.0,,,0,0.0
190.01,Wellington Luiz,24105/220105,POLÍCIA CIVIL DO DISTRITO FEDERAL,24105-PCDF,06.181.6217.3029.9547,APOIO A MODERNIZAC?O E REEQUIPAMENTOS DAS UNIDADES DE SEGURANCA PUBLICA,449052,13599,MODERNIZAÇÃO E REEQUIPAMENTO DA PCDF.,"Tendo em vista que os projetos a serem executados possuem descrição, valores e cronogramas variados, solicitamos à Vossa Excelência que discrimine os subtulos nos moldes sugeridos,
o que viabilizará a efeva execução dos recursos disponibilizados de forma conjunta e conforme planejamento desta Instuição.",,,Não,Analisado,Sim,Desbloqueado,1000000.0,2025-02-04,1000000.0,2025-02-20,1000000.0,2025-02-21,1000000.0,2025-02-21,2025ND00033,0,1000000.0
191.01,Wellington Luiz,24105/220105,POLÍCIA CIVIL DO DISTRITO FEDERAL,24105-PCDF,06.181.6217.3097.5829,APOIO A CONSTRUC?O DE UNIDADES POLICIAIS E DELEGACIAS,449051,13600,CONSTRUÇÃO DE UNIDADES POLICIAIS E DELEGACIAS DA PCDF.,"Tendo em vista que os projetos a serem executados possuem descrição, valores e  cronogramas variados, solicitamos à Vossa Excelência que discrimine os subtulos nos moldes sugeridos,
o que viabilizará a efeva execução dos recursos disponibilizados de forma conjunta e conforme Planejamento desta Instuição.",,,Não,Analisado,Sim,Em Análise SERP,2000000.0,2025-02-04,2000000.0,2025-05-08,0.0,,0.0,,,0,0.0
191.01,Wellington Luiz,24105/220105,POLÍCIA CIVIL DO DISTRITO FEDERAL,24105-PCDF,06.181.6217.3097.5829,APOIO A CONSTRUC?O DE UNIDADES POLICIAIS E DELEGACIAS,449051,13580,CONSTRUÇÃO DE UNIDADES POLICIAIS E DELEGACIAS DA PCDF.,"Tendo em vista que os projetos a serem executados possuem descrição, valores e cronogramas variados, solicitamos à Vossa Excelência que discrimine os subtulos nos moldes sugeridos,
o que viabilizará a efeva execução dos recursos disponibilizados de forma conjunta e conforme planejamento desta Instuição.",,,Não,Em Análise,,Anulado,0.0,2025-02-03,0.0,,0.0,,0.0,,,0,0.0
192.01,Wellington Luiz,24105/220105,POLÍCIA CIVIL DO DISTRITO FEDERAL,24105-PCDF,06.181.6217.3098.0012,APOIO A REFORMA DE UNIDADES POLICIAIS E DELEGACIAS,449051,13602,REFORMA DE UNIDADES POLICIAIS E DELEGACIAS.,"Tendo em vista que os projetos a serem executados possuem descrição, valores e cronogramas variados, solicitamos à Vossa Excelência que discrimine os subtulos nos moldes sugeridos,
o que viabilizará a efeva execução dos recursos disponibilizados de forma conjunta e conforme planejamento desta Instuição.",,,Não,Analisado,Sim,Desbloqueado,2000000.0,2025-02-04,2000000.0,2025-05-08,2000000.0,2025-05-09,2000000.0,2025-05-09,2025ND00060,0,2000000.0
193.01,Wellington Luiz,17902/180902,FUNDO DE ASSISTÊNCIA SOCIAL DO DISTRITO FEDERAL,17902-FAS,08.244.6228.9073.0039,APOIO A REALIZACAO DE PROJETOS DE ASSISTENCIA SOCIAL,335043,13767,PROJETO “VIDAS EM FOCO” .,"Planeja-se executar o projeto “Vidas em Foco” que objetiva atender as necessidades por  fraldas higiênicas descartáveis, visto que atualmente usa-se mais de oitocentos fraldas por dia;
aprimorar o processo de trabalho do setor de limpeza e higiene da Instituição, em razão dos desafios
oriundos de acolhimentos de casos complexos de saúde; maior suporte no campo nutricional e alimentar dos acolhidos e colaboradores da Instituição e transporte eficiente para estes, conforme  preconiza a legislação.
Para tanto estima-se o investimento necessário no valor de R$1.500.000,00 (um milhão e  quintentos mil reais) neste Serviço Socioassistencial de Alta Complexidade, que atua visando a
garantia de direitos das pessoas com deficiência em vulnerabilidade do Distrito Federal.",,,Sim,Devolvido,,Anulado,0.0,2025-02-14,0.0,,0.0,,0.0,,,0,0.0
193.01,Wellington Luiz,17902/180902,FUNDO DE ASSISTÊNCIA SOCIAL DO DISTRITO FEDERAL,17902-FAS,08.244.6228.9073.0039,APOIO A REALIZACAO DE PROJETOS DE ASSISTENCIA SOCIAL,335043,14298,PROJETO “VIDAS EM FOCO”.,OFICIO Nº 06/2025,10.631.249/0001-59,ASSOCIACAO LAR INFANTIL CHICO XAVIER,Sim,Em Análise,,Anulado,0.0,2025-03-13,0.0,,0.0,,0.0,,,0,0.0
193.01,Wellington Luiz,17902/180902,FUNDO DE ASSISTÊNCIA SOCIAL DO DISTRITO FEDERAL,17902-FAS,08.244.6228.9073.0039,APOIO A REALIZACAO DE PROJETOS DE ASSISTENCIA SOCIAL,335043,14299,PROJETO “VIDAS EM FOCO”.,OFICIO N° 06/2025,10.711.824/0001-23,VILA DO PEQUENINO JESUS,Sim,Analisado,Sim,Desbloqueado,1500000.0,2025-03-13,1500000.0,2025-04-01,1500000.0,2025-04-04,1500000.0,2025-04-04,2025ND00178,0,1500000.0
193.01,Wellington Luiz,17902/180902,FUNDO DE ASSISTÊNCIA SOCIAL DO DISTRITO FEDERAL,17902-FAS,08.244.6228.9073.0039,APOIO A REALIZACAO DE PROJETOS DE ASSISTENCIA SOCIAL,335043,15806,"PROJETO ""INCLUSÃO SOBRE RODAS"".",OFICIO 08/2024.,10.287.166/0001-94,MOVIMENTO HABITACIONAL E CIDADANIA DAS PESSOAS COM DEFICIENCIA - MOHCIPED - DF,Sim,Analisado,Não,Anulado,0.0,2025-05-23,0.0,,0.0,,0.0,,,0,0.0
208.01,Wellington Luiz,64101/640101,SECRETARIA DE ESTADO ADMINISTRAÇÃO PENITENCIÁRIA D,64101-SEAPE,06.422.6217.2726.0008,"APOIO A MODERNIZAC?O DA INFRAESTRUTURA, SERVICOS E EQUIPAMENTOS DO SISTEMA PRISIONAL",449052,13550,AQUISIÇÃO DE CFTV PARA INSTALAÇÃO NO CPP E PFDF.  AQUISIÇÃO DE VIATURAS POLICIAIS.,"R$ 1.000.000,00 (hum milhão de reais) para aquisição de CFTV para
instalação no CPP e PFDF. Programa Trabalho nº 06.422.6217.2726.0003
MODERNIZAÇÃO DA INFRAESTRUTURA, SERVIÇOS E EQUIPAMENTOS DO
SISTEMA PRISIONAL-MODERNIZAÇÃO DA INFRAESTRUTURA, SERVIÇOS E
EQUIPAMENTOS DO SISTEMA PRISONAL-SEAP-DISTRITO FEDERAL, natureza da
despesa 449052;
 R$1.000.0000,00 (hum milhão de reais) para aquisição de viaturas policiais.
Programa Trabalho nº 06.422.6217.2726.0003 MODERNIZAÇÃO DA
INFRAESTRUTURA, SERVIÇOS E EQUIPAMENTOS DO SISTEMA PRISIONALMODERNIZAÇÃO DA INFRAESTRUTURA, SERVIÇOS E EQUIPAMENTOS DO
SISTEMA PRISONAL-SEAP-DISTRITO FEDERAL, natureza da despesa 449052.",,,Não,Analisado,Sim,Desbloqueado,2000000.0,2025-01-29,2000000.0,2025-02-20,2000000.0,2025-02-21,2000000.0,2025-02-21,2025ND00066,0,2000000.0
212.01,Wellington Luiz,64101/640101,SECRETARIA DE ESTADO ADMINISTRAÇÃO PENITENCIÁRIA D,64101-SEAPE,06.421.6217.2727.0007,APOIO A PARTICIPACAO DE ATLETAS DA POLICIA PENAL WPFG/2025,339014,13551,"PARTICIPAÇÃO DE POLICIAIS
PENAIS EM EVENTOS ESPORTIVOS (WORLD POLICE & FIRE GAMES 2025).","R$500.000,00 (QUINHENTOS MIL REAIS) PARA CUSTEAR A PARTICIPAÇÃO DE POLICIAIS
PENAIS EM EVENTOS ESPORVOS (WORLD POLICE & FIRE GAMES 2025). PROGRAMA DE
TRABALHO Nº 06.421.6217.2727.000X MANUTENÇÃO DO SISTEMA
PENITENCIÁRIO DO DF-APOIO A PARTICIPACAO DE ATLETAS DA POLICIA PENAL WPFG/2025, NATUREZA DA DESPESA: 339014.",,,Não,Analisado,Sim,Desbloqueado,500000.0,2025-01-29,500000.0,2025-03-12,500000.0,2025-03-14,500000.0,2025-03-14,2025ND00081,0,500000.0
220.01,Wellington Luiz,57101/570101,SECRETARIA DE ESTADO DA MULHER DO DISTRITO FEDERAL,57101-SMDF,14.422.6211.9107.0455,APOIO A REALIZACAO DE PROJETOS PARA MULHERES,335041,13542,EXECUCÃO DO PROJETO FLOR DE MAIO.,"O objetivo do projeto é proporcionar uma maior acessibilidade à justiça para mulheres, facilitar
acesso à informação sobre procedimentos e direitos (orientação jurídica e
acompanhamento processual), oferecer um atendimento sensível, prevenir ocorrências de
crimes de violência doméstica decorrentes do término de relacionamentos, oferecer suporte
emocional por meio de rodas de conversa e consultorias psicológicas e de enfermagem,
desenvolvendo uma rede de apoio, além de garantir a qualificação profissional e a geração
de trabalho e renda voltadas para a autonomia econômica das mulheres atendidas pelo
projeto.",03.604.378/0001-92,FUNDACAO PROCURADOR PEDRO JORGE DE MELO E SILVA,Não,Analisado,Sim,Desbloqueado,300000.0,2025-01-28,300000.0,2025-02-20,300000.0,2025-02-21,300000.0,2025-02-21,2025ND00112,-300000,0.0
220.01,Wellington Luiz,57101/570101,SECRETARIA DE ESTADO DA MULHER DO DISTRITO FEDERAL,57101-SMDF,14.422.6211.9107.0455,APOIO A REALIZACAO DE PROJETOS PARA MULHERES,335041,13822,PROJETO “MULHERES SEGURAS – 6ª EDIÇÃO”.,Ofício 13/2025 – ISACSO.,33.523.259/0001-76,CASA DE CULTURA TELAR - CCT,Não,Analisado,Sim,Desbloqueado,100000.0,2025-02-18,100000.0,2025-04-30,100000.0,2025-05-07,100000.0,2025-05-07,2025ND00165,-100000,0.0
220.01,Wellington Luiz,57101/570101,SECRETARIA DE ESTADO DA MULHER DO DISTRITO FEDERAL,57101-SMDF,14.422.6211.9107.0455,APOIO A REALIZACAO DE PROJETOS PARA MULHERES,335041,13824,PROJETO “ARTE PELA VIDA 2025”.,Ofício 14/2025 – ISACSO.,33.523.259/0001-76,CASA DE CULTURA TELAR - CCT,Não,Analisado,Sim,Desbloqueado,100000.0,2025-02-18,100000.0,2025-04-30,100000.0,2025-05-07,100000.0,2025-05-07,2025ND00165,-100000,0.0
220.01,Wellington Luiz,57101/570101,SECRETARIA DE ESTADO DA MULHER DO DISTRITO FEDERAL,57101-SMDF,14.422.6211.9107.0455,APOIO A REALIZACAO DE PROJETOS PARA MULHERES,335041,14361,"PROJETO MULHER 60+""AINDA ESTOU AQUI - ESCUTA QUALIFICADA.""",OFICIO Nº 03/2025 CPIE,03.248.058/0001-47,CENTRO PRESBITERIANO IDADE E EXPERIENCIA,Não,Expirado,Anuência Tácita,Desbloqueado,200000.0,2025-03-17,200000.0,2025-06-16,200000.0,2025-07-07,200000.0,2025-07-07,2025ND00305,0,200000.0
220.01,Wellington Luiz,57101/570101,SECRETARIA DE ESTADO DA MULHER DO DISTRITO FEDERAL,57101-SMDF,14.422.6211.9107.0455,APOIO A REALIZACAO DE PROJETOS PARA MULHERES,335041,14625,MULHERES SEGURAS - 6º EDIÇÃO,"Conforme a orientação do mandato e obedecidos os requisitos técnicos e legais, recurso destinado a apoiar o Projeto Mulheres Seguras 6º edição, conforme Ofício 16/2025.",33.523.259/0001-76,CASA DE CULTURA TELAR - CCT,Não,Analisado,Sim,Desbloqueado,100000.0,2025-03-26,100000.0,2025-04-30,100000.0,2025-05-07,100000.0,2025-05-07,2025ND00165,-100000,0.0
220.01,Wellington Luiz,57101/570101,SECRETARIA DE ESTADO DA MULHER DO DISTRITO FEDERAL,57101-SMDF,14.422.6211.9107.0455,APOIO A REALIZACAO DE PROJETOS PARA MULHERES,335041,14652,"PROJETO ""MULHER, NÃO SE CALE"".",oficio nº 265/2025 - SMDF/GAB,,,Não,Analisado,Sim,Anulado,0.0,2025-03-27,0.0,,0.0,,0.0,,,0,0.0
220.01,Wellington Luiz,57101/570101,SECRETARIA DE ESTADO DA MULHER DO DISTRITO FEDERAL,57101-SMDF,14.422.6211.9107.0455,APOIO A REALIZACAO DE PROJETOS PARA MULHERES,335041,15182,PROJETO HOMENS DE HONRA NAS ESCOLAS E PROJETO NUIAM’S.,Ofício n.º 012/2025.,,,Não,Em Análise,,Anulado,0.0,2025-04-30,0.0,,0.0,,0.0,,,0,0.0
220.01,Wellington Luiz,57101/570101,SECRETARIA DE ESTADO DA MULHER DO DISTRITO FEDERAL,57101-SMDF,14.422.6211.9107.0455,APOIO A REALIZACAO DE PROJETOS PARA MULHERES,335041,15232,"PROJETO “HOMENS DE HONRA
NAS ESCOLAS”.",OFICIO N° 011/2025.,,,Não,Devolvido,,Anulado,0.0,2025-05-05,0.0,,0.0,,0.0,,,0,0.0
220.01,Wellington Luiz,57101/570101,SECRETARIA DE ESTADO DA MULHER DO DISTRITO FEDERAL,57101-SMDF,14.422.6211.9107.0455,APOIO A REALIZACAO DE PROJETOS PARA MULHERES,335041,15233,"PROJETO “NÚCLEOS INTEGRADOS
DE ATENDIMENTO À MULHER - NUIAM'S”.",Ofício n.º 012/2025.,,,Não,Devolvido,,Anulado,0.0,2025-05-05,0.0,,0.0,,0.0,,,0,0.0
220.01,Wellington Luiz,57101/570101,SECRETARIA DE ESTADO DA MULHER DO DISTRITO FEDERAL,57101-SMDF,14.422.6211.9107.0455,APOIO A REALIZACAO DE PROJETOS PARA MULHERES,335041,15457,"PROJETO ""ELAS""","Conforme a orientação do mandato e obedecidos os requisitos técnicos e legais, recurso destinado a apoiar o Projeto ""ELAS"", conforme Ofício 08/2025.",23.407.343/0001-70,INSTITUTO DINGA,Não,Analisado,Sim,Desbloqueado,200000.0,2025-05-12,200000.0,2025-09-08,200000.0,2025-09-12,200000.0,2025-09-12,2025ND00358,-200000,0.0
220.01,Wellington Luiz,57101/570101,SECRETARIA DE ESTADO DA MULHER DO DISTRITO FEDERAL,57101-SMDF,14.422.6211.9107.0455,APOIO A REALIZACAO DE PROJETOS PARA MULHERES,335041,15470,"""PROJETO HOMENS DE HONRA NAS ESCOLAS"".",Ofício n.º 011/2025,42.000.086/0001-00,REDE INTERNACIONAL DE PROTECAO A VITIMA LACO BRANCO BRASIL - LACO BRANCO BRASIL,Não,Analisado,Sim,Desbloqueado,100000.0,2025-05-12,100000.0,2025-06-23,100000.0,2025-07-07,100000.0,2025-07-07,2025ND00305,-100000,0.0
220.01,Wellington Luiz,57101/570101,SECRETARIA DE ESTADO DA MULHER DO DISTRITO FEDERAL,57101-SMDF,14.422.6211.9107.0455,APOIO A REALIZACAO DE PROJETOS PARA MULHERES,335041,15471,“NÚCLEOS INTEGRADOS DE ATENDIMENTO À MULHER - NUIAM'S”.,Ofício n.º 012/2025.,42.000.086/0001-00,REDE INTERNACIONAL DE PROTECAO A VITIMA LACO BRANCO BRASIL - LACO BRANCO BRASIL,Não,Analisado,Sim,Desbloqueado,100000.0,2025-05-12,100000.0,2025-07-17,100000.0,2025-07-25,100000.0,2025-07-25,2025ND00315,-100000,0.0
220.01,Wellington Luiz,57101/570101,SECRETARIA DE ESTADO DA MULHER DO DISTRITO FEDERAL,57101-SMDF,14.422.6211.9107.0455,APOIO A REALIZACAO DE PROJETOS PARA MULHERES,335041,15474,"""PROJETO ""MULHER, NÃO SE CALE""",Ofício Nº 265/2025 - SMDF/GAB,18.683.437/0001-32,INSTITUTO INSIDE BRASIL - IIB,Não,Analisado,Sim,Desbloqueado,200000.0,2025-05-12,200000.0,2025-06-26,200000.0,2025-07-07,200000.0,2025-07-07,2025ND00305,0,200000.0
220.01,Wellington Luiz,57101/570101,SECRETARIA DE ESTADO DA MULHER DO DISTRITO FEDERAL,57101-SMDF,14.422.6211.9107.0455,APOIO A REALIZACAO DE PROJETOS PARA MULHERES,335041,16047,"PROJETO ""MULHER, NÃO SE CALE"".",OFICIO Nº265/2025 - SMDF/GAB,18.683.437/0001-32,INSTITUTO INSIDE BRASIL - IIB,Não,Analisado,Sim,Desbloqueado,200000.0,2025-06-04,200000.0,2025-06-26,200000.0,2025-07-07,200000.0,2025-07-07,2025ND00305,0,200000.0
220.01,Wellington Luiz,57101/570101,SECRETARIA DE ESTADO DA MULHER DO DISTRITO FEDERAL,57101-SMDF,14.422.6211.9107.0455,APOIO A REALIZACAO DE PROJETOS PARA MULHERES,335041,16455,PROJETO CORRIDA DE RUA “ENCONTRO DELAS 2025”.,OFÍCIO Nº 0107 SEC|IPEES|DF.,04.554.154/0001-86,INSTITUTO PROMOVENDO A EDUCACAO ESPORTE SAUDE E TURISMO,Não,Analisado,Sim,Desbloqueado,100000.0,2025-07-03,100000.0,2025-08-07,100000.0,2025-08-08,100000.0,2025-08-08,2025ND00325,-100000,0.0
221.01,Wellington Luiz,28209/280209,COMPANHIA DE DESENVOLVIMENTO HABITACIONAL DO DISTR,28209-CODHAB,15.127.6208.4011.0027,APOIO A REGULARIZAÇÃO DE ÁREAS DE INTERESSE SOCIAL,339039,13648,“CARRETA DA REGULARIZAÇÃO”.,"Considerando a grande necessidade de regularização fundiária no Distrito Federal  envolvendo mais de 90 áreas diferentes no território que se encontram em alguma etapa do Processo de
Regularização, bem como o trabalho de tulação nas chamadas Cidades Consolidadas — unidades
originadas de Programas Habitacionais da década de 80 que foram  disponibilizadas por meio de termos
precários aos Beneciários — que connua constante, esta Companhia idencou a necessidade de
realizar parcerias para maior eciência na execução de alguns serviços do processo de regularização  fundiária.
Para tanto, um dos projetos mais importantes desta Companhia para alcançar uma maior
capilaridade no território e angir ecientemente a população beneciada pela Regularização Fundiária
de Interesse Social é a criação de uma unidade móvel, responsável pelo atendimento da população
diretamente no território a ser regularizado.
Nesse contexto, o serviço CARRETA DA REGULARIZAÇÃO tem como escopo o atendimento  à população, mobilização popular para realização de serviços, e a coleta e sistemazação de documentos
de forma capilarizada no território, referente à etapa de TITULAÇÃO no processo de Regularização
Fundiária de Interesse Social. Além da prestação de informações à população, o trabalho principal da OSC
será de engajar a população convocada para a entrega dos documentos, dado que este se torna um
serviço muito mais eciente quando feito no próprio território dos imóveis a serem tulados.
A Carreta da Regularização foi objeto de Chamamento Público de Organizações da  Sociedade Civil - OSC publicado no Diário Ocial do Distrito Federal - DODF n.° 151, de 08 de agosto de
2024, visando a prestação de serviços a m de realizar e organizar os trabalhos em parceria com a  CODHAB. O prazo para envio das propostas nalizou no dia 07 de setembro de 2024 e o resultado  preliminar do Chamamento Público foi publicado no DODF n.° 177, de 16 de setembro de 2024.",,,Não,Analisado,Sim,Desbloqueado,3500000.0,2025-02-06,3500000.0,2025-03-14,3500000.0,2025-03-21,3500000.0,2025-03-21,2025ND00100,0,3500000.0
227.01,Wellington Luiz,34101/340101,SECRETARIA DE ESTADO DO ESPORTE E LAZER DO DISTRIT,34101-SEL,27.812.6206.9080.0256,APOIO A REALIZAC?O DE PROJETOS ESPORTIVOS,335041,13576,"“ESPORTE PARA TODOS.""","“ESPORTE PARA TODOS.""
 que através de técnicos e assistentes técnicos habilitados em Atletismo e Futebol, captam crianças, adolescentes e adultos, categorias
Olímpica e Paralímpica do Distrito Federal, para a prática do desporto,
inserindo-os como Usuários-Atletas da ADEPOL/DF, aqueles com rendimentos de destaques, como reza seu estatuto, que participam de Competições locais, regionais, nacionais e até mesmo internacionais, representando o Distrito Federal, cujo projeto terá duração de 12 (doze)
meses, previsto inicialmente para abril de 2025.",41.573.414/0001-97,INSTITUTO UM TOQUE MUITO ESPECIAL,Não,Analisado,Sim,Desbloqueado,350000.0,2025-02-03,350000.0,2025-05-14,350000.0,2025-05-16,350000.0,2025-05-16,2025ND00282,0,350000.0
227.01,Wellington Luiz,34101/340101,SECRETARIA DE ESTADO DO ESPORTE E LAZER DO DISTRIT,34101-SEL,27.812.6206.9080.0256,APOIO A REALIZAC?O DE PROJETOS ESPORTIVOS,335041,13863,"PROJETO "" INSTITUTO AJUDAR NÃO DÓI "".","O Instituto Ajudar Não Dói CNPJ/MF, nº 07.433.452/0001-06, com SEDE na
Qd 108 CONJ 01 Lote 09- Recanto das Emas/DF, representada por sua presidente  Rosilene Oliveira da Silva, vem solicitar apoio por meio de emenda parlamenta a  realização do projeto Esporte para Cidadania, desenvolvendo aulas de vôlei indoor,
Atividade Física Orientada e futsal em comunidade que vive em situação de
vulnerabilidade e risco, atendendo crianças, adolescentes, jovens, adultos e 3º idade  somando um total de 340 beneficiários nas duas modalidades. Embora esse trabalho já  vem sendo realizado solicitamos apoio financeiro para custear uniformes,
equipamentos e materiais esportivos e ajuda de custo aos instrutores envolvidos no
projetos. O projeto terá duração de 12 meses tempo suficiente para contribuir na vida e  na comunidade onde será implantado o projeto, desenvolvendo uma melhor qualidade de vida, interação e convívio social, formação e autonomia critica.",07.433.452/0001-06,INSTITUTO AJUDAR NAO DOI,Não,Em Análise,,Anulado,0.0,2025-02-19,0.0,,0.0,,0.0,,,0,0.0
227.01,Wellington Luiz,34101/340101,SECRETARIA DE ESTADO DO ESPORTE E LAZER DO DISTRIT,34101-SEL,27.812.6206.9080.0256,APOIO A REALIZAC?O DE PROJETOS ESPORTIVOS,335041,13894,"PROJETO "" INSTITUTO AJUDAR NÃO DÓI"".","O Instituto Ajudar Não Dói CNPJ/MF, nº 07.433.452/0001-06, com SEDE na 
Qd 108 CONJ 01 Lote 09- Recanto das Emas/DF, representada por sua presidente 
Rosilene Oliveira da Silva, vem solicitar apoio por meio de emenda parlamenta a realização do projeto Esporte para Cidadania, desenvolvendo aulas de vôlei indoor, 
Atividade Física Orientada e futsal em comunidade que vive em situação de 
vulnerabilidade e risco, atendendo crianças, adolescentes, jovens, adultos e 3º idade somando um total de 340 beneficiários nas duas modalidades. Embora esse trabalho já vem sendo realizado solicitamos apoio financeiro para custear uniformes, 
equipamentos e materiais esportivos e ajuda de custo aos instrutores envolvidos no projetos. O projeto terá duração de 12 meses tempo suficiente para contribuir na vida e na comunidade onde será implantado o projeto, desenvolvendo uma melhor qualidade de vida, interação e convívio social, formação e autonomia critica.",07.433.452/0001-06,INSTITUTO AJUDAR NAO DOI,Não,Analisado,Sim,Em Análise SERP,150000.0,2025-02-19,0.0,,0.0,,0.0,,,0,0.0
227.01,Wellington Luiz,34101/340101,SECRETARIA DE ESTADO DO ESPORTE E LAZER DO DISTRIT,34101-SEL,27.812.6206.9080.0256,APOIO A REALIZAC?O DE PROJETOS ESPORTIVOS,335041,15191,INSTITUTO CRIANÇA SANTA MARIA,"Conforme a orientação do mandato e obedecidos os requisitos técnicos e legais, recurso destinado a apoiar campeonatos esportivos em Santa Maria/DF, conforme Ofício 03/2025.",03.132.781/0001-66,SOCIEDADE ESPORTIVA MADUREIRA,Não,Analisado,Sim,Desbloqueado,141000.0,2025-04-30,141000.0,2025-05-16,141000.0,2025-05-23,141000.0,2025-05-23,2025ND00310,0,141000.0
227.01,Wellington Luiz,34101/340101,SECRETARIA DE ESTADO DO ESPORTE E LAZER DO DISTRIT,34101-SEL,27.812.6206.9080.0256,APOIO A REALIZAC?O DE PROJETOS ESPORTIVOS,335041,15205,"CAMPEONATO ESPORTIVO DE JIU-JITSU ""CENTRO-OESTE BRASILEIRO""","Conforme a orientação do mandato e obedecidos os requisitos técnicos e legais, recurso destinado a apoiar campeonato esportivo de Jiu-Jitsu ""Centro-Oeste Brasileiro"", conforme Ofício 28/2025.",17.049.335/0001-05,"ORGANIZACAO DE ACAO SOCIAL, ESPORTE E CULTURA - VEM SER",Não,Analisado,Sim,Desbloqueado,150000.0,2025-05-05,150000.0,2025-05-16,150000.0,2025-05-23,150000.0,2025-05-23,2025ND00310,0,150000.0
227.01,Wellington Luiz,34101/340101,SECRETARIA DE ESTADO DO ESPORTE E LAZER DO DISTRIT,34101-SEL,27.812.6206.9080.0256,APOIO A REALIZAC?O DE PROJETOS ESPORTIVOS,335041,15771,PROJETO “BRASÍLIA OPEN DE FUTEVÔLEI”.,OFÍCIO S/Nº2025 - IBRH.,10.374.095/0001-67,INSTITUTO BRASIL RESPEITO HUMANO,Não,Analisado,Sim,Desbloqueado,75000.0,2025-05-21,75000.0,2025-06-09,75000.0,2025-06-13,75000.0,2025-06-13,2025ND00347,0,75000.0
227.01,Wellington Luiz,34101/340101,SECRETARIA DE ESTADO DO ESPORTE E LAZER DO DISTRIT,34101-SEL,27.812.6206.9080.0256,APOIO A REALIZAC?O DE PROJETOS ESPORTIVOS,335041,15825,TORNEIO 2º TAÇA RENNAN SALGADO - 2025 DE FLAG FOOTBALL,"Conforme a orientação do mandato e obedecidos os requisitos técnicos e legais, recurso destinado a apoiar o ""Torneio 2º Taça Rennan Salgado"", conforme Ofício 06/2025.",,,Não,Analisado,Sim,Desbloqueado,100000.0,2025-05-26,100000.0,2025-10-15,100000.0,2025-10-17,100000.0,2025-10-17,2025ND00698,-100000,0.0
227.01,Wellington Luiz,34101/340101,SECRETARIA DE ESTADO DO ESPORTE E LAZER DO DISTRIT,34101-SEL,27.812.6206.9080.0256,APOIO A REALIZAC?O DE PROJETOS ESPORTIVOS,335041,16389,APOIO AO ESPORTE DA ARUC.,"Aruc, hoje desenvolve com imensa dificuldade financeiras atividades esportivas nas modalidades de Handebol (masculino e feminino) com competições local e nacional, Futsal (cegos, masculino e feminino) com escolinhas gratuitas, e está disputando o Campeonato Candango de Futebol sub-11 e sub-13, organizado pela Federação de Futebol do DF.",00.445.858/0001-60,ASSOCIACAO RECREATIVA UNIDOS DO CRUZEIRO,Não,Em Análise,,Anulado,0.0,2025-07-02,0.0,,0.0,,0.0,,,0,0.0
227.01,Wellington Luiz,34101/340101,SECRETARIA DE ESTADO DO ESPORTE E LAZER DO DISTRIT,34101-SEL,27.812.6206.9080.0256,APOIO A REALIZAC?O DE PROJETOS ESPORTIVOS,335041,16390,APOIO AO ESPORTE DA ARUC.,"A Aruc, hoje desenvolve com imensa dificuldade financeiras atividades esportivas nas modalidades de Handebol (masculino e feminino) com competições local e nacional, Futsal (cegos, masculino e feminino) com escolinhas gratuitas, e está disputando o Campeonato Candango de Futebol sub-11 e sub-13, organizado pela Federação de Futebol do DF.",35.183.186/0001-46,INSTITUTO ARUC CULTURAL,Não,Analisado,Sim,Desbloqueado,150000.0,2025-07-02,150000.0,2025-07-09,150000.0,2025-07-11,150000.0,2025-07-11,2025ND00459,0,150000.0
227.01,Wellington Luiz,34101/340101,SECRETARIA DE ESTADO DO ESPORTE E LAZER DO DISTRIT,34101-SEL,27.812.6206.9080.0256,APOIO A REALIZAC?O DE PROJETOS ESPORTIVOS,335041,16441,"PROJETO ""ESPORTE SUSTENTÁVEL NAS ESCOLAS""","Conforme a orientação do mandato e obedecidos os requisitos técnicos e legais, recurso destinado a apoiar o Projeto ""Esporte Sustentável nas Escolas"" conforme Ofício 026/2025.",23.583.083/0001-94,MOVIMENTO COMUNITARIO DO JARDIM BOTANICO,Não,Analisado,Sim,Desbloqueado,75000.0,2025-07-02,75000.0,2025-08-26,75000.0,2025-08-29,75000.0,2025-08-29,2025ND00534,0,75000.0
227.01,Wellington Luiz,34101/340101,SECRETARIA DE ESTADO DO ESPORTE E LAZER DO DISTRIT,34101-SEL,27.812.6206.9080.0256,APOIO A REALIZAC?O DE PROJETOS ESPORTIVOS,335041,16442,PROJETO DRIFT FOR U INVITED.,"Conforme a orientação do mandato e obedecidos os requisitos técnicos e legais, recurso destinado a apoiar o Projeto Drift for U Invited, conforme Ofício 58/2025.",27.963.520/0001-56,ASSOCIACAO FLUIR,Não,Analisado,Sim,Desbloqueado,200000.0,2025-07-02,200000.0,2025-08-26,200000.0,2025-08-29,200000.0,2025-08-29,2025ND00534,0,200000.0
227.01,Wellington Luiz,34101/340101,SECRETARIA DE ESTADO DO ESPORTE E LAZER DO DISTRIT,34101-SEL,27.812.6206.9080.0256,APOIO A REALIZAC?O DE PROJETOS ESPORTIVOS,335041,16534,PROJETO SAMBOLA DE FUTEBOL DE BASE .,"Ao tempo em que apresento meus sinceros cumprimentos, venho, por meio deste, solicitar o apoio da Câmara Legislativa do Distrito Federal, por meio de apoio financeiro, no valor de R$ 86.525,00 (oitenta e seis mil, quinhentos e vinte e cinco reais), destinado à participação da equipe SAMBOLA DE FUTEBOL DE BASE na Copa Sul-Americana de Futebol de Base Piracanjuba, que será realizada na cidade de Goias em Dezembro.
A delegação será composta por atletas das Categorias Sub-10, Sub-12, Sub-14 e Sub-16, todos integrantes da comunidade do Cruzeiro e da Estrutural, com o
objetivo de promover a prática esportiva, a inclusão social e fortalecer o desenvolvimento de talentos em nossa comunidade Cruzeirense.
Cientes da importância desse apoio para garantir a participação dos jovens atletas e proporcionar-lhes uma experiência esportiva e cidadã significativa, solicitamos a sensibilidade de Vossa Excelência para viabilizar esse pleito.",35.183.186/0001-46,INSTITUTO ARUC CULTURAL,Não,Analisado,Sim,Em Análise SERP,86525.0,2025-07-10,0.0,,0.0,,0.0,,,0,0.0
227.01,Wellington Luiz,34101/340101,SECRETARIA DE ESTADO DO ESPORTE E LAZER DO DISTRIT,34101-SEL,27.812.6206.9080.0256,APOIO A REALIZAC?O DE PROJETOS ESPORTIVOS,335041,17237,PROJETO 2ª EDIÇÃO DA CORRIDA DO SERVIDOR (2025).,OFÍCIO 0307/2025 – IPEES/PRODARTES.,04.554.154/0001-86,INSTITUTO PROMOVENDO A EDUCACAO ESPORTE SAUDE E TURISMO,Não,Analisado,Sim,Desbloqueado,50000.0,2025-09-23,50000.0,2025-09-24,50000.0,2025-09-26,50000.0,2025-09-26,2025ND00625,0,50000.0
1092.01,Wellington Luiz,14203/210203,EMPRESA DE ASSISTÊNCIA TÉCNICA E EXTENSÃO RURAL DO,14203-EMATER,20.122.8201.2396.0124,CONSERVAÇÃO DAS ESTRUTURAS FÍSICAS DE EDIFICAÇÕES PÚBLICAS- DA EMATER-DISTRITO FEDERAL,339039,15188,CONSERVAÇÃO DAS ESTRUTURAS FÍSICAS DE EDIFICAÇÕES PÚBLICAS-EMATER- DF ENTORNO.,"Conforme a orientação do mandato e obedecidos os requisitos técnicos e legais, recurso destinado a para realização de manutenção das estruturas físicas de Escritórios Locais, visando melhorar as condições para atendimento ao produtor rural, conforme Ofício 108/2025.",,,Não,Analisado,Sim,Desbloqueado,400000.0,2025-04-30,400000.0,2025-05-14,400000.0,2025-05-16,400000.0,2025-05-16,2025ND00253,0,400000.0
1097.01,Wellington Luiz,16101/230101,SECRETARIA DE ESTADO DE CULTURA E ECONOMIA CRIATIV,16101-SECEC,13.392.6219.9075.0010,TRANSFERÊNCIA DE RECURSOS PARA PROJETOS CULTURAIS - APOIO A REALIZACAO DE PROJETOS CULTURAIS - DISTRITO FEDERAL,335043,15194,“NOSSA TADIÇÃO NAS ESCOLAS”,Ofício n.º 13/2025,,,Não,Analisado,Sim,Desbloqueado,80000.0,2025-04-30,80000.0,2025-05-19,80000.0,2025-05-23,80000.0,2025-05-23,2025ND00381,-80000,0.0
1097.01,Wellington Luiz,16101/230101,SECRETARIA DE ESTADO DE CULTURA E ECONOMIA CRIATIV,16101-SECEC,13.392.6219.9075.0010,TRANSFERÊNCIA DE RECURSOS PARA PROJETOS CULTURAIS - APOIO A REALIZACAO DE PROJETOS CULTURAIS - DISTRITO FEDERAL,335043,15239,PROJETO O MENINO DOS BRINQUEDOS.,"Assunto: Solicitação de apoio para realização do projeto O Menino dos Brinquedos
Objeto do Projeto:
Imprimir e publicar um livro autoral, de história infantil com 
o título: O Menino dos Brinquedos e montar
uma peça de teatro de bonecos com a história do referido livro.
Objetivo do Projeto:
O projeto ""O Menino dos Brinquedos"" abrange a publicação e a montagem de um espetáculo de teatro,
surgem como uma valiosa oportunidade para semear desde a segunda e terceira infância a importância da
doação de órgão. O referido projeto inclui a impressão, produção e distribuição de 2.000 exemplares para
escolas públicas do DF, do livro infantil O Menino dos Brinquedos e uma montagem e apresentação de teatro
de bonecos nas escolas públicas do DF.
Esse livro relata a história de Gabriel, que adora futebol, porém, a ele não lhe é permitido, devido a uma
doença cardíaca. Mas, a história desse menino toma outro rumo ao receber um transplante de coração.
Dito isso, solicitamos do Senhor Deputado que avalie a possibilidade de firmar uma parceria com a
Mamulengo Alegria, na efetivação desse relevante projeto.
O valor solicitado ao Senhor Deputado é de R$ 250.000,00 mil (duzentos e cinquenta mil reais).
Certos de sua sensibilidade, agradecemos a atenção e nos colocamos à disposição para sanar eventuais
dúvidas que porventura possam acrescentar à nossa solicitação, por meio do e-mail:
mamulengoalegria@gmail.com e anacarlamw@gmail.com e telefones: (61) 9811-26446 / (61) 98128-8818",,,Não,Analisado,Não,Anulado,0.0,2025-05-05,0.0,,0.0,,0.0,,,0,0.0
1097.01,Wellington Luiz,16101/230101,SECRETARIA DE ESTADO DE CULTURA E ECONOMIA CRIATIV,16101-SECEC,13.392.6219.9075.0010,TRANSFERÊNCIA DE RECURSOS PARA PROJETOS CULTURAIS - APOIO A REALIZACAO DE PROJETOS CULTURAIS - DISTRITO FEDERAL,335043,15556,PROJETO O MENINO DOS BRINQUEDOS.,"Assunto: Solicitação de apoio para realização do projeto O Menino dos Brinquedos
Objeto do Projeto:
Imprimir e publicar um livro autoral, de história infantil com o título: O Menino dos Brinquedos e montar uma
peça de teatro de bonecos com a história do referido livro.
Objetivo do Projeto:
O projeto ""O Menino dos Brinquedos"" abrange a publicação e a montagem de um espetáculo de teatro, surgem
como uma valiosa oportunidade para semear desde a segunda e terceira infância a importância da doação de
órgão. O referido projeto inclui a impressão, produção e distribuição de 2.000 exemplares para escolas públicas
do DF, do livro infantil O Menino dos Brinquedos e uma montagem e apresentação de teatro de bonecos nas
escolas públicas do DF.
Esse livro relata a história de Gabriel, que adora futebol, porém, a ele não lhe é permitido, devido a uma doença
cardíaca. Mas, a história desse menino toma outro rumo ao receber um transplante de coração.
O Instituto Brasileiro de Alto Desempenho CNPJ 22.391.142/0001-60 será a entidade que executará esse
projeto.
Dito isso, solicitamos do Senhor Deputado que avalie a possibilidade de firmar uma parceria com a Mamulengo
Alegria, na efetivação desse relevante projeto.
O valor solicitado ao Senhor Deputado é de R$ 250.000,00 mil (duzentos e cinquenta mil reais).
Certos de sua sensibilidade, agradecemos a atenção e nos colocamos à disposição para sanar eventuais dúvidas
que porventura possam acrescentar à nossa solicitação, por meio do e-mail: mamulengoalegria@gmail.com e
anacarlamw@gmail.com e telefones: (61) 9811-26446 / (61) 98128-8818.",22.391.142/0001-60,IBAD - INSTITUTO BRASILEIRO DE ALTO DESEMPENHO,Não,Analisado,Não,Anulado,0.0,2025-05-14,0.0,,0.0,,0.0,,,0,0.0
1097.01,Wellington Luiz,16101/230101,SECRETARIA DE ESTADO DE CULTURA E ECONOMIA CRIATIV,16101-SECEC,13.392.6219.9075.0010,TRANSFERÊNCIA DE RECURSOS PARA PROJETOS CULTURAIS - APOIO A REALIZACAO DE PROJETOS CULTURAIS - DISTRITO FEDERAL,335043,15768,PROJETO 6ª EDIÇÃO DO GRAN FONDO BRASÍLIA.,OFÍCIO N° 036/2025 – IPCB - Instituto de Produção Socioeducativo e Cultural Brasileiro.,03.405.617/0001-85,IPCB- INSTITUTO DE PRODUCAO SOCIOEDUCATIVO E CULTURAL BRASILEIRO,Não,Analisado,Sim,Desbloqueado,150000.0,2025-05-21,150000.0,2025-06-02,150000.0,2025-06-04,150000.0,2025-06-04,2025ND00398,0,150000.0
1097.01,Wellington Luiz,16101/230101,SECRETARIA DE ESTADO DE CULTURA E ECONOMIA CRIATIV,16101-SECEC,13.392.6219.9075.0010,TRANSFERÊNCIA DE RECURSOS PARA PROJETOS CULTURAIS - APOIO A REALIZACAO DE PROJETOS CULTURAIS - DISTRITO FEDERAL,335043,15785,PROJETO “BRASÍLIA OPEN DE VÔLEI DE PRAIA”.,OFÍCIO S/Nº 2025 - IBRH.,10.374.095/0001-67,INSTITUTO BRASIL RESPEITO HUMANO,Não,Analisado,Sim,Desbloqueado,100000.0,2025-05-22,100000.0,2025-06-09,100000.0,2025-06-13,100000.0,2025-06-13,2025ND00418,0,100000.0
1097.01,Wellington Luiz,16101/230101,SECRETARIA DE ESTADO DE CULTURA E ECONOMIA CRIATIV,16101-SECEC,13.392.6219.9075.0010,TRANSFERÊNCIA DE RECURSOS PARA PROJETOS CULTURAIS - APOIO A REALIZACAO DE PROJETOS CULTURAIS - DISTRITO FEDERAL,335043,16031,PROJETO  “NOSSA TADIÇÃO NAS ESCOLAS”,Ofício n.º 13/2025.,04.950.175/0001-10,GRUPO DE DANCA FOLCLORICA SANFONA LASCADA,Não,Analisado,Sim,Desbloqueado,80000.0,2025-06-04,80000.0,2025-06-06,80000.0,2025-06-06,80000.0,2025-06-06,2025ND00407,0,80000.0
1097.01,Wellington Luiz,16101/230101,SECRETARIA DE ESTADO DE CULTURA E ECONOMIA CRIATIV,16101-SECEC,13.392.6219.9075.0010,TRANSFERÊNCIA DE RECURSOS PARA PROJETOS CULTURAIS - APOIO A REALIZACAO DE PROJETOS CULTURAIS - DISTRITO FEDERAL,335043,16130,"PROJETO ""O MENINO DOS BRINQUEDOS""","O projeto ""O Menino dos Brinquedos"" abrange a publicação e a montagem de um espetáculo de teatro, surgem
como uma valiosa oportunidade para semear desde a segunda e terceira infância a importância da doação de
órgão. O referido projeto inclui a impressão, produção e distribuição de 2.000 exemplares para escolas públicas
do DF, do livro infantil O Menino dos Brinquedos e uma montagem e apresentação de teatro de bonecos nas
escolas públicas do DF.
Esse livro relata a história de Gabriel, que adora futebol, porém, a ele não lhe é permitido, devido a uma doença
cardíaca. Mas, a história desse menino toma outro rumo ao receber um transplante de coração.
O Instituto Brasileiro de Alto Desempenho CNPJ 22.391.142/0001-60 será a entidade que executará esse
projeto.
Dito isso, solicitamos do Senhor Deputado que avalie a possibilidade de firmar uma parceria com a Mamulengo
Alegria, na efetivação desse relevante projeto.",22.391.142/0001-60,IBAD - INSTITUTO BRASILEIRO DE ALTO DESEMPENHO,Não,Analisado,Não,Anulado,0.0,2025-06-10,0.0,,0.0,,0.0,,,0,0.0
1097.01,Wellington Luiz,16101/230101,SECRETARIA DE ESTADO DE CULTURA E ECONOMIA CRIATIV,16101-SECEC,13.392.6219.9075.0010,TRANSFERÊNCIA DE RECURSOS PARA PROJETOS CULTURAIS - APOIO A REALIZACAO DE PROJETOS CULTURAIS - DISTRITO FEDERAL,335043,16451,“POR DO SOL NO PARQUE”.,Ofício 002/2025.,08.568.557/0001-35,TOP SPEED CLUB,Não,Analisado,Não,Anulado,0.0,2025-07-02,0.0,,0.0,,0.0,,,0,0.0
1097.01,Wellington Luiz,16101/230101,SECRETARIA DE ESTADO DE CULTURA E ECONOMIA CRIATIV,16101-SECEC,13.392.6219.9075.0010,TRANSFERÊNCIA DE RECURSOS PARA PROJETOS CULTURAIS - APOIO A REALIZACAO DE PROJETOS CULTURAIS - DISTRITO FEDERAL,335043,16549,"PROJETO ""O MENINO DOS BRINQUEDOS""","Assunto: Solicitação de apoio para realização do projeto O Menino dos Brinquedos
Objeto do Projeto:
Imprimir e publicar um livro autoral, de história infantil com o título: O Menino dos Brinquedos e montar uma peça de teatro de bonecos com a história do referido livro.
Objetivo do Projeto:
O projeto ""O Menino dos Brinquedos"" abrange a publicação e a montagem de um espetáculo de teatro, surgem como uma valiosa oportunidade para semear desde a segunda e terceira infância a importância da doação de órgão. O referido projeto inclui a impressão, produção e distribuição de 2.000 exemplares para escolas públicas do DF, do livro infantil O Menino dos Brinquedos e uma montagem e apresentação de teatro de bonecos nas
escolas públicas do DF.
Esse livro relata a história de Gabriel, que adora futebol, porém, a ele não lhe é permitido, devido a uma doença
cardíaca. Mas, a história desse menino toma outro rumo ao receber um transplante de coração.",22.391.142/0001-60,IBAD - INSTITUTO BRASILEIRO DE ALTO DESEMPENHO,Não,Analisado,Sim,Desbloqueado,100000.0,2025-07-14,100000.0,2025-09-08,100000.0,2025-09-12,100000.0,2025-09-12,2025ND00626,0,100000.0
1097.01,Wellington Luiz,16101/230101,SECRETARIA DE ESTADO DE CULTURA E ECONOMIA CRIATIV,16101-SECEC,13.392.6219.9075.0010,TRANSFERÊNCIA DE RECURSOS PARA PROJETOS CULTURAIS - APOIO A REALIZACAO DE PROJETOS CULTURAIS - DISTRITO FEDERAL,335043,17466,OFÍCIO 002/2025,"Conforme a orientação do mandato e obedecidos os requisitos técnicos e legais, informo que conforme manifestação parlamentar contida no Processo SEI 00001-00041305/2025-18 o Ofício supramencionado será objeto de descentralização para Secretaria do Estado de Esportes do Distrito Federal.",08.568.557/0001-35,TOP SPEED CLUB,Não,Em Análise,,Anulado,0.0,2025-10-03,0.0,,0.0,,0.0,,,0,0.0
1097.01,Wellington Luiz,16101/230101,SECRETARIA DE ESTADO DE CULTURA E ECONOMIA CRIATIV,16101-SECEC,13.392.6219.9075.0010,TRANSFERÊNCIA DE RECURSOS PARA PROJETOS CULTURAIS - APOIO A REALIZACAO DE PROJETOS CULTURAIS - DISTRITO FEDERAL,335043,17467,POR DO SOL NO PARQUE,"Conforme a orientação do mandato e obedecidos os requisitos técnicos e legais, informo que conforme manifestação parlamentar contida no Processo SEI 00001-00041305/2025-18 o Ofício supramencionado será objeto de descentralização para Secretaria do Estado de Esportes do Distrito Federal.",,,Não,Em Análise,,Anulado,0.0,2025-10-03,0.0,,0.0,,0.0,,,0,0.0
1097.01,Wellington Luiz,16101/230101,SECRETARIA DE ESTADO DE CULTURA E ECONOMIA CRIATIV,16101-SECEC,13.392.6219.9075.0010,TRANSFERÊNCIA DE RECURSOS PARA PROJETOS CULTURAIS - APOIO A REALIZACAO DE PROJETOS CULTURAIS - DISTRITO FEDERAL,335043,17468,POR DO SOL NO PARQUE,"Conforme a orientação do mandato e obedecidos os requisitos técnicos e legais, informo que conforme manifestação parlamentar contida no Processo SEI 00001-00041305/2025-18 o Ofício supramencionado será objeto de descentralização para Secretaria do Estado de Esportes do Distrito Federal.",08.568.557/0001-35,TOP SPEED CLUB,Não,Analisado,Sim,Desbloqueado,100000.0,2025-10-03,100000.0,2025-10-14,100000.0,2025-10-17,100000.0,2025-10-17,2025ND00745,0,100000.0
1098.01,Wellington Luiz,9113/190113,ADM. REG. DO CRUZEIRO,9113-CRUZEIRO,27.812.6206.3678.0040,REALIZAÇÃO DE EVENTOS - APOIO A REALIZACAO DOS JOGOS COMUNITARIOS - DISTRITO FEDERAL,339030,15193,REALIZAÇÃO DOS JOGOS COMUNITÁRIOS EM COMEMORAÇÃO AO ANIVERSÁRIO DE 66 ANOS DO CRUZEIRO - RA XI.,Ofício Nº 17/2025 - RA-CRUZ/GAB/ASPLAN,,,Não,Analisado,Sim,Desbloqueado,70000.0,2025-04-30,70000.0,2025-08-28,70000.0,2025-08-29,70000.0,2025-08-29,2025ND00149,0,70000.0
1099.01,Wellington Luiz,26205/200202,DEPARTAMENTO DE ESTRADAS DE RODAGEM,26205-DER,26.782.6217.4197.0004,MANUTENÇÃO DA SINALIZAÇÃO HORIZONTAL E VERTICAL DE - APOIO A IMPLANTACAO DE PLACAS DE ENDERECAMENTO NO CRUZEIRO - DISTRITO FEDERAL,339030,15226,PLACAS DE ENDEREÇAMENTO NA REGIÃO DO CRUZEIRO NOVO - RA XI.,OFICIO N° 19/2025 - RA - CRUZ/GAB/ASPLAN,,,Sim,Analisado,Sim,Em Análise SERP,300000.0,2025-05-05,0.0,,0.0,,0.0,,,0,0.0
1100.01,Wellington Luiz,9113/190113,ADM. REG. DO CRUZEIRO,9113-CRUZEIRO,27.812.6206.3678.0041,REALIZAÇÃO DE EVENTOS - APOIO A REALIZACAO DOS JOGOS COMUNITARIOS - DISTRITO FEDERAL,339039,15192,REALIZAÇÃO DOS JOGOS COMUNITÁRIOS EM COMEMORAÇÃO AO ANIVERSÁRIO DE 66 ANOS CRUZEIRO - RA XI,Ofício Nº 17/2025 - RA-CRUZ/GAB/ASPLAN,,,Não,Analisado,Sim,Desbloqueado,70000.0,2025-04-30,70000.0,2025-08-28,70000.0,2025-08-29,70000.0,2025-08-29,2025ND00148,0,70000.0
1101.01,Wellington Luiz,24105/220105,POLÍCIA CIVIL DO DISTRITO FEDERAL,24105-PCDF,27.128.6206.2024.0005,APOIO AO DESPORTO E LAZER - APOIO A PARTICIPACAO DE ATLETAS WPFG/2025 - DISTRITO FEDERAL,339014,15178,SOLICITAÇÃO DE APORTE ORÇAMENTÁRIO PARA POLICIAIS CIVIS EM FUNÇÃO DOS JOGOS MUNDIAIS POLICIAIS - WORLD POLICE & FIRE GAMES 2025.,OFÍCIO CONJUNTO Nº 013/2025 - SINPOL-ADEPOLDF,,,Não,Analisado,Sim,Desbloqueado,300000.0,2025-04-30,300000.0,2025-05-14,300000.0,2025-05-16,300000.0,2025-05-16,2025ND00063,0,300000.0
1102.01,Wellington Luiz,34101/340101,SECRETARIA DE ESTADO DO ESPORTE E LAZER DO DISTRIT,34101-SEL,27.811.6206.2631.0004,APOIO AO COMPETE BRASÍLIA - APOIO A COMPRA DE PASSAGENS PARA ATLETAS APOSENTADOS DA PCDF WPFG/2025 - DISTRITO FEDERAL,339033,15176,APOIO AO COMPETE BRASILIA UNIDADES ADMINISTRATIVAS - DISTRITO FEDERAL.,OFÍCIO CONJUNTO Nº 012/2025 - SINPOL-ADEPOLDF,,,Não,Analisado,Sim,Desbloqueado,200000.0,2025-04-30,200000.0,2025-05-14,200000.0,2025-05-16,200000.0,2025-05-16,2025ND00283,0,200000.0
1103.01,Wellington Luiz,26206/200204,COMPANHIA DO METROPOLITANO DO DISTRITO FEDERAL,26206-METRÔ,26.453.6217.3467.0013,AQUISIÇÃO DE EQUIPAMENTOS - AQUISIÇÃO DE EQUIPAMENTOS PARA O CSO - DISTRITO FEDERAL,449052,15166,AQUISIÇÃO DE 160 UNIDADES DE CÂMERAS DE CORPO (BODY CAM) PARA O CORPO DE SEGURANÇA OPERACIONAL DO METRÔ-DF.,OFICIO Nº 21/2025 - METRO-DF/PRE/GAB/PGPAR,,,Sim,Analisado,Sim,Desbloqueado,500000.0,2025-04-30,500000.0,2025-10-13,500000.0,2025-10-16,500000.0,2025-10-16,2025ND00321,0,500000.0
1234.01,Wellington Luiz,26205/200202,DEPARTAMENTO DE ESTRADAS DE RODAGEM,26205-DER,26.782.6216.1968.0023,"ELABORAÇÃO DE PROJETOS - APOIO A REALIZACAO DE PROJETOS NO DF
 - DISTRITO FEDERAL",449051,15958,PAVIMENTAÇÃO ASFÁLTICA.,EXTRATO DO TERMO DO CONTRATO Nº 68/2023,,,Sim,Analisado,Sim,Desbloqueado,500000.0,2025-05-30,500000.0,2025-08-28,500000.0,2025-08-29,500000.0,2025-08-29,2025ND00733,0,500000.0
1234.01,Wellington Luiz,26205/200202,DEPARTAMENTO DE ESTRADAS DE RODAGEM,26205-DER,26.782.6216.1968.0023,"ELABORAÇÃO DE PROJETOS - APOIO A REALIZACAO DE PROJETOS NO DF
 - DISTRITO FEDERAL",449051,15172,PAVIMENTAÇÃO ASFÁLTICA.,EXECUÇÃO DE OBRA DE ESTACIONAMENTO DA DF-005.,,,Sim,Analisado,Sim,Anulado,0.0,2025-04-30,500000.0,2025-05-28,0.0,,0.0,,,0,0.0
2027.01,Wellington Luiz,23901/170901,FUNDO DE SAÚDE DO DISTRITO FEDERAL,23901-FSDF,10.302.6202.9107.0470,TRANSFERÊNCIA FINANCEIRA A ENTIDADES-APOIO A REALIZACAO DE PROJETOS DE SAUDE-DISTRITO FEDERAL,335043,15799,PROJETO PARA AÇÕES DO OUTUBRO ROSA 2025.,"A Recomeçar – Associação de Mulheres Mastectomizadas de Brasília, fundada em 23 de agosto de 2011 e registrada sob o CNPJ nº 14.241.925/0001-39, é uma organização social
sem fins lucrativos com sede no Hospital Regional da Asa Norte (HRAN), em Brasília/DF.
Dedicada à assistência e à prevenção em saúde, a associação desenvolve um trabalho focado
diretamente no apoio às mulheres que enfrentaram o câncer de mama, promovendo ações que impactam positivamente suas vidas e a sociedade.
O Instituto Nacional de Câncer (INCA) aponta que o câncer de mama é o segundo tipo de câncer mais comum no mundo, representando 23% dos novos diagnósticos anuais de câncer em todos os gêneros. No Brasil, a estimativa é de 73.610 novos casos por ano no triênio
2023-2025, com 1.030 casos anuais previstos para o Distrito Federal.
Nesse contexto, a campanha Outubro Rosa tem se consolidado como uma mobilização nacional de extrema relevância, destinada a conscientizar a sociedade sobre a
prevenção, o diagnóstico precoce e o tratamento do câncer de mama. Durante o mês de outubro,
diversas ações educativas e culturais são realizadas, envolvendo instituições governamentais,
organizações da sociedade civil e o setor privado. Essa união de esforços tem contribuído para salvar vidas ao estimular o cuidado com a saúde e a detecção precoce da doença.
Desde 2013, a Recomeçar realiza em Brasília campanhas de conscientização sobre o Câncer de mama, promovendo iniciativas educativas e informativas que destacam a importância da detecção precoce e da promoção da saúde da mulher. Essas ações desempenham um papel
essencial na mobilização da comunidade, incentivando a detecção precoce do câncer de mama e a busca por melhorias na saúde individual e coletiva das mulheres.
Diante da relevância do movimento Outubro Rosa, solicitamos o apoio de Vossa Excelência com a destinação de R$ 100.000,00 (cem mil reais) para viabilizar as ações de
conscientização sobre o câncer de mama para o Outubro Rosa 2025, através de Termo de Fomento junto à Secretaria de Estado de Saúde do Distrito Federal.",14.241.925/0001-39,RECOMECAR ASSOCIACAO DE MULHERES MASTECTOMIZADAS DE BRASILIA,Sim,Analisado,Sim,Desbloqueado,100000.0,2025-05-23,100000.0,2025-09-05,100000.0,2025-09-12,100000.0,2025-09-12,2025ND02114,0,100000.0
2028.01,Wellington Luiz,18101/160101,SECRETARIA DE ESTADO DE  EDUCAÇÃO DO DISTRITO FEDE,18101-SEE,12.243.6221.4091.0097,APOIO A PROJETOS-APOIO AS ATIVIDADES DO UNIPOP-DISTRITO FEDERAL,335043,15798,"PROJETO SEMINÁRIO INTERNACIONAL DE INTEGRAÇÃO TURÍSTICA, CULTURAL E PEDAGÓGICA, DA UNIPOP NO DF.",OFICIO UNIPOP 010/25 .,09.517.091/0001-01,INSTITUTO CULTURAL UNIVERSIDADE POPULAR,Sim,Analisado,Não,Anulado,0.0,2025-05-23,0.0,,0.0,,0.0,,,0,0.0
2029.01,Wellington Luiz,44101/440101,SECRETARIA DE ESTADO DE JUSTIÇA E CIDADANIA,44101-SEJUS,14.422.6211.9107.0471,TRANSFERÊNCIA FINANCEIRA A ENTIDADES-APOIO AS ATIVIDADES DA FUNDACAO PROCURADOR PEDRO JORGE DE MELO E SILVA-DISTRITO FEDERAL,335041,15800,PROJETO FLOR DE MAIO.,Ofício/FPPJMS nº 001/2024.,03.604.378/0001-92,FUNDACAO PROCURADOR PEDRO JORGE DE MELO E SILVA,Não,Devolvido,,Anulado,0.0,2025-05-23,0.0,,0.0,,0.0,,,0,0.0
2029.01,Wellington Luiz,44101/440101,SECRETARIA DE ESTADO DE JUSTIÇA E CIDADANIA,44101-SEJUS,14.422.6211.9107.0471,TRANSFERÊNCIA FINANCEIRA A ENTIDADES-APOIO AS ATIVIDADES DA FUNDACAO PROCURADOR PEDRO JORGE DE MELO E SILVA-DISTRITO FEDERAL,335041,16391,PROJETO FLOR DE MAIO  - GAMA.,Ofício/FPPJMS nº 001/2024.,03.604.378/0001-92,FUNDACAO PROCURADOR PEDRO JORGE DE MELO E SILVA,Não,Analisado,Sim,Desbloqueado,300000.0,2025-07-02,300000.0,2025-08-25,300000.0,2025-08-29,300000.0,2025-08-29,2025ND00340,0,300000.0
2031.01,Wellington Luiz,23901/170901,FUNDO DE SAÚDE DO DISTRITO FEDERAL,23901-FSDF,10.301.6202.4208.0006,DESENVOLVIMENTOS DAS AÇÕES DE ATENÇÃO PRIMÁRIA EM SAÚDE-APOIO A AQUISICAO DE EQUIPAMENTOS-DISTRITO FEDERAL,449052,15980,MANUTENÇÃO PREDIAL FARMÁCIA VIVA - REGIÃO DE SAÚDE CENTRO-SUL.,"Conforme a orientação do mandato e obedecidos os requisitos técnicos e legais, recurso destinado  para o Contrato de Manutenção Predial, nº 047804/2022 - SES/DF, da Região de Saúde Centro-Sul, para realização de manutenção predial da Farmácia Viva, visando melhorar as condições de ambiência e atendimento para a população e equipe profissional, conforme Ofício 4130/2025.",,,Sim,Devolvido,,Anulado,0.0,2025-06-02,0.0,,0.0,,0.0,,,0,0.0
2067.01,Wellington Luiz,9113/190113,ADM. REG. DO CRUZEIRO,9113-CRUZEIRO,15.451.6206.1950.0032,CONSTRUÇÃO DE PRAÇAS PÚBLICAS E PARQUES-APOIO A IMPLANTACAO DE PARCAO NO CRUZEIRO-DISTRITO FEDERAL,339030,15801,IMPLANTAÇÃO DE UM PARCÃO NO CRUZEIRO - RA XI.,Ofício Nº 16/2025 - RA-CRUZ/GAB/ASPLAN,,,Sim,Devolvido,,Em Análise Unidade,50000.0,2025-05-23,0.0,,0.0,,0.0,,,0,0.0
2067.01,Wellington Luiz,9113/190113,ADM. REG. DO CRUZEIRO,9113-CRUZEIRO,15.451.6206.1950.0032,CONSTRUÇÃO DE PRAÇAS PÚBLICAS E PARQUES-APOIO A IMPLANTACAO DE PARCAO NO CRUZEIRO-DISTRITO FEDERAL,339039,15802,IMPLANTAÇÃO DE UM PARCÃO NO CRUZEIRO - RA XI.,Ofício Nº 16/2025 - RA-CRUZ/GAB/ASPLAN.,,,Sim,Devolvido,,Em Análise Unidade,30000.0,2025-05-23,0.0,,0.0,,0.0,,,0,0.0
3056.01,Wellington Luiz,22201/190201,COMPANHIA URBANIZADORA DA NOVA CAPITAL,22201-NOVACAP,15.752.6209.1836.0019,AMPLIAÇÃO DOS PONTOS DE ILUMINAÇÃO PÚBLICA - APOIO A AMPLIAÇÃO DE PONTOS DE ILUMINAÇÃO  - DISTRITO FEDERAL,449051,16387,APOIO A AMPLIAÇÃO DE PONTOS DE ILUMINAÇÃO  - DISTRITO FEDERAL.,AMPLIAÇÃO DOS PONTOS DE ILUMINAÇÃO PÚBLICA .,,,Sim,Analisado,Não,Anulado,0.0,2025-07-02,0.0,,0.0,,0.0,,,0,0.0
3056.01,Wellington Luiz,22201/190201,COMPANHIA URBANIZADORA DA NOVA CAPITAL,22201-NOVACAP,15.752.6209.1836.0019,AMPLIAÇÃO DOS PONTOS DE ILUMINAÇÃO PÚBLICA - APOIO A AMPLIAÇÃO DE PONTOS DE ILUMINAÇÃO  - DISTRITO FEDERAL,449051,16561,APOIO A AMPLIAÇÃO DE PONTOS DE ILUMINAÇÃO  NO DISTRITO FEDERAL.,"APOIO A AMPLIAÇÃO DE PONTOS DE ILUMINAÇÃO NO DISTRITO FEDERAL.
O OFICIO ELETRONICO SERÁ DESCENTRALIZADO PARA A SECRETARIA DE OBRAS.",,,Sim,Analisado,Sim,Desbloqueado,500000.0,2025-07-15,500000.0,2025-07-21,500000.0,2025-07-25,500000.0,2025-07-25,2025ND00762,0,500000.0
3057.01,Wellington Luiz,44101/440101,SECRETARIA DE ESTADO DE JUSTIÇA E CIDADANIA,44101-SEJUS,14.422.6211.9107.0106,TRANSFERÊNCIA FINANCEIRA A ENTIDADES - APOIO AS ATIVIDADES DE ENTIDADES DE DIREITOS HUMANOS - DISTRITO FEDERAL,335043,16445,PROJETO ATENDIMENTOS TERAPÊUTICOS PARA PESSOAS COM AUTISMO.,"Conforme a orientação do mandato e obedecidos os requisitos técnicos e legais, recurso destinado a apoiar o Projeto ""Atendimentos Terapêuticos para Pessoas com Autismo"", conforme Ofício 035/2025.",28.247.522/0001-01,INSTITUTO PEDRO ARAUJO DOS SANTOS,Não,Analisado,Sim,Em Análise SERP,200000.0,2025-07-02,0.0,,0.0,,0.0,,,0,0.0
3057.01,Wellington Luiz,44101/440101,SECRETARIA DE ESTADO DE JUSTIÇA E CIDADANIA,44101-SEJUS,14.422.6211.9107.0106,TRANSFERÊNCIA FINANCEIRA A ENTIDADES - APOIO AS ATIVIDADES DE ENTIDADES DE DIREITOS HUMANOS - DISTRITO FEDERAL,335043,16487,PROJETO REAPRENDER PARA VIVER LIBERTO.,"Conforme a orientação do mandato e obedecidos os requisitos técnicos e legais, recurso destinado a apoiar o Projeto ""Reaprender para Viver Liberto"", conforme Ofício 12/2025.",15.460.727/0001-29,INSTITUTO ABBA PAI,Não,Analisado,Sim,Em Análise SERP,150000.0,2025-07-04,0.0,,0.0,,0.0,,,0,0.0
3059.01,Wellington Luiz,18101/160101,SECRETARIA DE ESTADO DE  EDUCAÇÃO DO DISTRITO FEDE,18101-SEE,12.243.6221.9107.0101,TRANSFERÊNCIA FINANCEIRA A ENTIDADES-APOIO AS ATIVIDADES DO INSTITUTO UNIPOP- DISTRITO FEDERAL,335043,16464,PROJETO DE EDUCAÇÃO CIDADÃ .,"A UNIPOP compartilha dos mesmos valores democráticos do seu mandato e tem empreendido esforços para transformar a realidade de muitas vidas a partir da educação popular, inclusiva e ambientalmente responsável. Para a concretização e expansão dos projetos de educação, gostaria de respeitosamente contar com o investimento de uma Emenda Parlamentar no valor de 300 (trezentos) mil reais para a implementação do Projeto de Educação Cidadã nas escolas do Distrito Federal.",09.517.091/0001-01,INSTITUTO CULTURAL UNIVERSIDADE POPULAR,Sim,Analisado,Sim,Desbloqueado,300000.0,2025-07-03,300000.0,2025-09-01,300000.0,2025-09-05,300000.0,2025-09-05,2025ND01732,0,300000.0
3061.01,Wellington Luiz,23901/170901,FUNDO DE SAÚDE DO DISTRITO FEDERAL,23901-FSDF,10.301.8202.2396.0016,CONSERVAÇÃO DAS ESTRUTURAS FÍSICAS DE EDIFICAÇÕES PÚBLICAS - APOIO A MANUTENCAO PREDIAL - DISTRITO FEDERAL,339039,16437,MANUTENÇÃO PREDIAL FARMÁCIA VIVA - REGIÃO DE SAÚDE CENTRO-SUL.,"Conforme a orientação do mandato e obedecidos os requisitos técnicos e legais, recurso destinado  para o Contrato de Manutenção Predial, nº 047804/2022 - SES/DF, da Região de Saúde Centro-Sul, para realização de manutenção predial da Farmácia Viva, visando melhorar as condições de ambiência e atendimento para a população e equipe profissional, conforme Ofício 4130/2025.",,,Sim,Analisado,Sim,Desbloqueado,100000.0,2025-07-02,100000.0,2025-08-11,100000.0,2025-08-19,100000.0,2025-08-19,2025ND01957,0,100000.0
3062.01,Wellington Luiz,23901/170901,FUNDO DE SAÚDE DO DISTRITO FEDERAL,23901-FSDF,10.122.6202.4166.0003,PLANEJAMENTO E GESTÃO DA ATENÇÃO ESPECIALIZADA - APOIO A REALIZACAO DE PDPAS - DISTRITO FEDERAL,449052,16439,"HOSPITAL REGIONAL DE CEILÂNDIA (HRC), DIRETORIA DE ATENÇÃO SECUNDÁRIA E DIRETORIA DE ATENÇÃO PRIMÁRIA À SAÚDE DA REGIÃO OESTE.","Conforme a orientação do mandato e obedecidos os requisitos técnicos e legais, recurso destinado atender às necessidades do Hospital Regional de Ceilândia (HRC), Diretoria de Atenção Secundária e Diretoria de Atenção Primária à Saúde da Região Oeste, mediante o Programa de
Descentralização Progressiva das Ações em Saúde (PDPAS), da Região de Saúde Oeste, conforme Ofícios 21 e 237/2025.",,,Sim,Analisado,Sim,Desbloqueado,300000.0,2025-07-02,300000.0,2025-09-04,300000.0,2025-09-05,300000.0,2025-09-05,2025ND02078,0,300000.0
3064.01,Wellington Luiz,25101/250101,"SCT DESENVOLVIMENTO ECONÔMICO, TRABALHO E RENDA",25101-SEDET,11.333.6207.9107.0102,TRANSFERÊNCIA FINANCEIRA A ENTIDADES - APOIO A TRANSFERENCIA DE RECURSOS PARA REALIZACAO DE PROJETOS - DISTRITO FEDERAL,335041,16443,PROJETO INTERFASHION BRASÍLIA,"Conforme a orientação do mandato e obedecidos os requisitos técnicos e legais, recurso destinado a apoiar Projeto Interfashion, conforme Ofício 11/2025.",34.603.979/0001-04,ATIVA INSTITUTO,Não,Analisado,Sim,Desbloqueado,150000.0,2025-07-02,150000.0,2025-08-11,150000.0,2025-08-19,150000.0,2025-08-19,2025ND00406,0,150000.0
4094.01,Wellington Luiz,44101/440101,SECRETARIA DE ESTADO DE JUSTIÇA E CIDADANIA,44101-SEJUS,14.422.6211.4217.0002,MANUTENÇÃO DO SISTEMA SOCIOEDUCATIVO - DISTRITO FEDERAL,449052,17220,AQUISIÇÃO DE BENS PERMANENTES PARA O SISTEMA SOCIOEDUCATIVO.,OFÍCIO: Nº 17/2025 - SINDSSE/DF,,,Não,Analisado,Sim,Desbloqueado,300000.0,2025-09-23,300000.0,2025-10-02,300000.0,2025-10-03,300000.0,2025-10-03,2025ND00397,0,300000.0
4095.01,Wellington Luiz,23901/170901,FUNDO DE SAÚDE DO DISTRITO FEDERAL,23901-FSDF,10.122.8202.8517.0077,MANUTENÇÃO DE SERVIÇOS ADMINISTRATIVOS GERAIS - APOIO A AQUISICAO DE EQUIPAMENTOS PARA O PODCAST FEPECS - DISTRITO FEDERAL,449052,17224,PROJETO DE CRIAÇÃO DE PODCAST/STÚDIO PARA ESCOLA DE SAÚDE PÚBLICA DO DISTRITO FEDERAL (ESP/DF).,Ofício Nº 70/2025 - FEPECS/DE/ESPDF.,,,Não,Analisado,Sim,Em Análise SERP,37000.0,2025-09-23,0.0,,0.0,,0.0,,,0,0.0
4096.01,Wellington Luiz,23901/170901,FUNDO DE SAÚDE DO DISTRITO FEDERAL,23901-FSDF,10.122.8202.8517.0098,MANUTENÇÃO DE SERVIÇOS ADMINISTRATIVOS GERAIS - APOIO A AQUISICAO DE MATERIAL PARA A FEPECS - DISTRITO FEDERAL,339030,17233,AQUISIÇÃO DE MATERIAL PARA REALIZAÇÃO DE HISTEROSCOPIA AMBULATORIAL,"A Fundação de Ensino e Pesquisa em Ciências da Saúde (FEPECS), criada pela Lei nº 2.676, de 12 de janeiro de 2001146493419, é Fundação Pública com personalidade jurídica de Direito Público, de caráter científicotecnológico e educacional, sem fins lucrativos, vinculada diretamente à Secretaria de Saúde do Distrito Federal (SES-DF), conforme os princípios da Lei n° 9.394, de 20 de dezembro de 1996, que estabelece as diretrizes e bases da educação nacional;

Considerando a criação da Escola de Saúde Pública do Distrito Federal 147181904;
Considerando a finalidade da ESPDF 146493536 em conduzir, desenvolver e acompanhar os programas de residência, de forma descentralizada nas Regiões de Saúde, de interesse para o Sistema Único de Saúde do DF e região;

Considerando que os programas de residência em Ginecologia-Obstetrícia devem atender às normas impostas pelo MEC por meio das matrizes de competência 146493539;

Considerando que a não realização dos procedimentos de Histeroscopia, obrigatórios para os programas de residência de Ginecologia-Obstetrícia pode levar ao descredenciamento do programa pelo MEC, cuja gestão acadêmica está a cargo da FEPECS;

O presente processo tem por objetivo a compra de material de histeroscopia ginecológica para que os Residentes de Ginecologia-Obstetrícia possam realizar os procedimentos indicados na Matriz de Competências estabelecida pelo MEC sob a forma de Resolução CNRM nº, evitando assim, o descredenciamento dos programas de residência.

A aquisição de um vídeo-histeroscópio possibilitará a realização de procedimentos de histeroscopia em consultório, o qual auxiliará no tratamento de algumas patologias benignas da cavidade uterina. Esta cirurgia é realizada sem ser necessária uma incisão cirúrgica. A histeroscopia é um procedimento com relativa facilidade de execução, associado a um baixo risco de complicações e a uma morbidade mínima, sendo utilizada nos casos de patologia intra-uterina. As histeroscopias podem ser diagnósticas e cirúrgicas.
 As histeroscopias realizadas em consultório tem como indicação os pólipos endometriais de pequenas dimensões, os miomas submucosos pequenos, a exérese de sinéquias uterinas, a resseção de septos uterinos, a remoção de dispositivo intra-uterino (DIU) retido. A realização desses procedimentos em consultório acarretariam a diminuição do fluxo no centro cirúrgico asseguraria a integralidade da assistência e evitaria internações desnecessárias.

Na realização da histeroscopia ambulatorial, a mulher não necessita de anestesia geral e não é necessário estar em jejum, o que traz maior conforto e segurança a paciente, além de evitar a regulação para outros procedimentos.

 A aquisição do equipamento solicitado visa atender as necessidades de pacientes que necessitam de avaliação da cavidade uterina, ampliando o número de atendimentos e a celeridade no atendimento ao usuário.

 A aquisição desse aparelho garantirá a formação do médico residente de Ginecologia-Obstetrícia, conforme requerido pela Comissão Nacional de Residência Médica, evitando que os programas sejam descredenciados pelo MEC, pela falta de desenvolvimento das competências relacionadas ao procedimento.

 Riscos: A falta de realização dos procedimentos de Histeroscopia, obrigatórios para os programas de residência de Ginecologia-Obstetrícia pode levar ao descredenciamento do programa pelo MEC, cuja gestão acadêmica está a cargo da FEPECS.",,,Não,Devolvido,,Em Análise Unidade,105000.0,2025-09-23,0.0,,0.0,,0.0,,,0,0.0
4098.01,Wellington Luiz,23901/170901,FUNDO DE SAÚDE DO DISTRITO FEDERAL,23901-FSDF,10.122.8202.8517.0100,MANUTENÇÃO DE SERVIÇOS ADMINISTRATIVOS GERAIS - APOIO A AQUISICAO DE EQUIPAMENTOS PARA O HEMOCENTRO - DISTRITO FEDERAL,449052,17234,MANUTENÇÃO DE SERVIÇOS ADMINISTRATIVOS GERAIS - APOIO A AQUISICAO DE EQUIPAMENTOS PARA O HEMOCENTRO - DISTRITO FEDERAL.,Ofício Nº 9/2025 - FHB-DF/PR/GAB/AERINS.,,,Não,Analisado,Sim,Desbloqueado,224000.0,2025-09-23,224000.0,2025-10-02,224000.0,2025-10-03,224000.0,2025-10-03,2025ND02224,0,224000.0
4120.01,Wellington Luiz,64101/640101,SECRETARIA DE ESTADO ADMINISTRAÇÃO PENITENCIÁRIA D,64101-SEAPE,06.126.8217.1471.0091,MODERNIZAÇÃO DE SISTEMA DE INFORMAÇÃO - APOIO A MODERNIZACAO DE SISTEMAS DE INFORMACAO - DISTRITO FEDERAL,449052,17235,“AQUISIÇÃO DE COMPUTADORES PARA O SISTEMA PENITENCIÁRIO”.,Ofício Nº 2634/2025 - SEAPE/GAB.,,,Não,Analisado,Sim,Desbloqueado,1000000.0,2025-09-23,1000000.0,2025-09-24,1000000.0,2025-09-26,1000000.0,2025-09-26,2025ND00269,0,1000000.0
5048.01,Wellington Luiz,26206/200204,COMPANHIA DO METROPOLITANO DO DISTRITO FEDERAL,26206-METRÔ,26.451.8216.2396.0018,CONSERVAÇÃO DAS ESTRUTURAS FÍSICAS DE EDIFICAÇÕES PÚBLICAS - APOIO A CONSERVACAO DAS ESTRUTURAS FISICAS - DISTRITO FEDERAL,339039,17556,"CONSERVAÇÃO DAS ESTRUTURAS FÍSICAS DE EDIFICAÇÕES DA
COMPANHIA DO METROPOLITANO DO DISTRITO FEDERAL.",Ofício Nº 64/2025 - METRO-DF/PRE/GAB/PGPAR.,,,Sim,Analisado,Sim,Desbloqueado,1000000.0,2025-10-13,1000000.0,2025-10-14,1000000.0,2025-10-16,1000000.0,2025-10-16,2025ND00322,0,1000000.0
