NR_EMENDA,PARLAMENTAR,UNIDADE,PROGRAMA_TRABALHO,SUBTITULO,NATUREZA_DESPESA,VALOR_EMENDA,STATUS_EMENDA,EMPENHADO,LIQUIDADO,DISPONIVEL,BLOQUEADO,NR_OFICIO,OBJETO,STATUS_OFICIO,LIBERADO,DATA_LIBERACAO,SALDO_OFICIO,NOME_UO
183.01,Wellington Luiz,26205-DER,26.451.6209.1110.8205,APOIO A EXECUC?O DE OBRAS DE URBANIZAC?O,449051,1334688,Ativo,1039874.61,1039852.76,194813.35,100000.04,14778,ESTACIONAMENTO DA PRAINHA - LAGO NORTE - DF 005.,Desbloqueado,1134687.96,2025-04-04,1134687.96,DEPARTAMENTO DE ESTRADAS DE RODAGEM
183.01,Wellington Luiz,26205-DER,26.451.6209.1110.8205,APOIO A EXECUC?O DE OBRAS DE URBANIZAC?O,449051,1334688,Ativo,1039874.61,1039852.76,194813.35,100000.04,15121,"PAVIMENTAÇÃO ASFÁLTICA - RUA DOS PINHEIROS - PONTE ALTA NORTE, RA II - GAMA",Desbloqueado,100000.0,2025-05-16,100000.0,DEPARTAMENTO DE ESTRADAS DE RODAGEM
183.01,Wellington Luiz,26205-DER,26.451.6209.1110.8205,APOIO A EXECUC?O DE OBRAS DE URBANIZAC?O,449051,1334688,Ativo,1039874.61,1039852.76,194813.35,100000.04,16117,"PAVIMENTAÇÃO ASFÁLTICA - RUA SABIÁ- PONTE ALTA NORTE, RA II - GAMA",Desbloqueado,820000.0,2025-07-11,820000.0,DEPARTAMENTO DE ESTRADAS DE RODAGEM
183.01,Wellington Luiz,26205-DER,26.451.6209.1110.8205,APOIO A EXECUC?O DE OBRAS DE URBANIZAC?O,449051,1334688,Ativo,1039874.61,1039852.76,194813.35,100000.04,16118,"PAVIMENTAÇÃO ASFÁLTICA - RUA SABIÁ- PONTE ALTA NORTE, RA II - GAMA",Anulado,0.0,,0.0,DEPARTAMENTO DE ESTRADAS DE RODAGEM
183.01,Wellington Luiz,26205-DER,26.451.6209.1110.8205,APOIO A EXECUC?O DE OBRAS DE URBANIZAC?O,449051,1334688,Ativo,1039874.61,1039852.76,194813.35,100000.04,16444,"PAVIMENTAÇÃO ASFÁLTICA - RUA SABIÁ- PONTE ALTA NORTE, RA II - GAMA",Desbloqueado,80312.0,2025-07-11,80312.0,DEPARTAMENTO DE ESTRADAS DE RODAGEM
183.01,Wellington Luiz,26205-DER,26.451.6209.1110.8205,APOIO A EXECUC?O DE OBRAS DE URBANIZAC?O,449051,1334688,Ativo,1039874.61,1039852.76,194813.35,100000.04,17554,"PAVIMENTAÇÃO DE ÁREA PÚBLICA NA RUA ALAMEDAS DOS
IPÊS PRÓXIMO AO CONDOMÍNIO RESIDENCIAL VILLA VERDE, CONDOMÍNIO PRYSMA E CONDOMÍNIO MONTE CASTELO.",Em Análise Unidade,0.0,,0.0,DEPARTAMENTO DE ESTRADAS DE RODAGEM
183.01,Wellington Luiz,26205-DER,26.451.6209.1110.8205,APOIO A EXECUC?O DE OBRAS DE URBANIZAC?O,449051,1334688,Ativo,1039874.61,1039852.76,194813.35,100000.04,15504,"PAVIMENTAÇÃO ASFÁLTICA - RUA SABIÁ- PONTE ALTA NORTE, RA II - GAMA",Anulado,0.0,,0.0,DEPARTAMENTO DE ESTRADAS DE RODAGEM
183.01,Wellington Luiz,26205-DER,26.451.6209.1110.8205,APOIO A EXECUC?O DE OBRAS DE URBANIZAC?O,339039,344276,Ativo,344273.03,344273.03,2.97,0.0,14778,ESTACIONAMENTO DA PRAINHA - LAGO NORTE - DF 005.,Desbloqueado,1134687.96,2025-04-04,1134687.96,DEPARTAMENTO DE ESTRADAS DE RODAGEM
183.01,Wellington Luiz,26205-DER,26.451.6209.1110.8205,APOIO A EXECUC?O DE OBRAS DE URBANIZAC?O,339039,344276,Ativo,344273.03,344273.03,2.97,0.0,15121,"PAVIMENTAÇÃO ASFÁLTICA - RUA DOS PINHEIROS - PONTE ALTA NORTE, RA II - GAMA",Desbloqueado,100000.0,2025-05-16,100000.0,DEPARTAMENTO DE ESTRADAS DE RODAGEM
183.01,Wellington Luiz,26205-DER,26.451.6209.1110.8205,APOIO A EXECUC?O DE OBRAS DE URBANIZAC?O,339039,344276,Ativo,344273.03,344273.03,2.97,0.0,16117,"PAVIMENTAÇÃO ASFÁLTICA - RUA SABIÁ- PONTE ALTA NORTE, RA II - GAMA",Desbloqueado,820000.0,2025-07-11,820000.0,DEPARTAMENTO DE ESTRADAS DE RODAGEM
183.01,Wellington Luiz,26205-DER,26.451.6209.1110.8205,APOIO A EXECUC?O DE OBRAS DE URBANIZAC?O,339039,344276,Ativo,344273.03,344273.03,2.97,0.0,16118,"PAVIMENTAÇÃO ASFÁLTICA - RUA SABIÁ- PONTE ALTA NORTE, RA II - GAMA",Anulado,0.0,,0.0,DEPARTAMENTO DE ESTRADAS DE RODAGEM
183.01,Wellington Luiz,26205-DER,26.451.6209.1110.8205,APOIO A EXECUC?O DE OBRAS DE URBANIZAC?O,339039,344276,Ativo,344273.03,344273.03,2.97,0.0,16444,"PAVIMENTAÇÃO ASFÁLTICA - RUA SABIÁ- PONTE ALTA NORTE, RA II - GAMA",Desbloqueado,80312.0,2025-07-11,80312.0,DEPARTAMENTO DE ESTRADAS DE RODAGEM
183.01,Wellington Luiz,26205-DER,26.451.6209.1110.8205,APOIO A EXECUC?O DE OBRAS DE URBANIZAC?O,339039,344276,Ativo,344273.03,344273.03,2.97,0.0,17554,"PAVIMENTAÇÃO DE ÁREA PÚBLICA NA RUA ALAMEDAS DOS
IPÊS PRÓXIMO AO CONDOMÍNIO RESIDENCIAL VILLA VERDE, CONDOMÍNIO PRYSMA E CONDOMÍNIO MONTE CASTELO.",Em Análise Unidade,0.0,,0.0,DEPARTAMENTO DE ESTRADAS DE RODAGEM
183.01,Wellington Luiz,26205-DER,26.451.6209.1110.8205,APOIO A EXECUC?O DE OBRAS DE URBANIZAC?O,339039,344276,Ativo,344273.03,344273.03,2.97,0.0,15504,"PAVIMENTAÇÃO ASFÁLTICA - RUA SABIÁ- PONTE ALTA NORTE, RA II - GAMA",Anulado,0.0,,0.0,DEPARTAMENTO DE ESTRADAS DE RODAGEM
183.01,Wellington Luiz,26205-DER,26.451.6209.1110.8205,APOIO A EXECUC?O DE OBRAS DE URBANIZAC?O,339030,556036,Ativo,556035.14,555888.24,0.86,0.0,14778,ESTACIONAMENTO DA PRAINHA - LAGO NORTE - DF 005.,Desbloqueado,1134687.96,2025-04-04,1134687.96,DEPARTAMENTO DE ESTRADAS DE RODAGEM
183.01,Wellington Luiz,26205-DER,26.451.6209.1110.8205,APOIO A EXECUC?O DE OBRAS DE URBANIZAC?O,339030,556036,Ativo,556035.14,555888.24,0.86,0.0,15121,"PAVIMENTAÇÃO ASFÁLTICA - RUA DOS PINHEIROS - PONTE ALTA NORTE, RA II - GAMA",Desbloqueado,100000.0,2025-05-16,100000.0,DEPARTAMENTO DE ESTRADAS DE RODAGEM
183.01,Wellington Luiz,26205-DER,26.451.6209.1110.8205,APOIO A EXECUC?O DE OBRAS DE URBANIZAC?O,339030,556036,Ativo,556035.14,555888.24,0.86,0.0,16117,"PAVIMENTAÇÃO ASFÁLTICA - RUA SABIÁ- PONTE ALTA NORTE, RA II - GAMA",Desbloqueado,820000.0,2025-07-11,820000.0,DEPARTAMENTO DE ESTRADAS DE RODAGEM
183.01,Wellington Luiz,26205-DER,26.451.6209.1110.8205,APOIO A EXECUC?O DE OBRAS DE URBANIZAC?O,339030,556036,Ativo,556035.14,555888.24,0.86,0.0,16118,"PAVIMENTAÇÃO ASFÁLTICA - RUA SABIÁ- PONTE ALTA NORTE, RA II - GAMA",Anulado,0.0,,0.0,DEPARTAMENTO DE ESTRADAS DE RODAGEM
183.01,Wellington Luiz,26205-DER,26.451.6209.1110.8205,APOIO A EXECUC?O DE OBRAS DE URBANIZAC?O,339030,556036,Ativo,556035.14,555888.24,0.86,0.0,16444,"PAVIMENTAÇÃO ASFÁLTICA - RUA SABIÁ- PONTE ALTA NORTE, RA II - GAMA",Desbloqueado,80312.0,2025-07-11,80312.0,DEPARTAMENTO DE ESTRADAS DE RODAGEM
183.01,Wellington Luiz,26205-DER,26.451.6209.1110.8205,APOIO A EXECUC?O DE OBRAS DE URBANIZAC?O,339030,556036,Ativo,556035.14,555888.24,0.86,0.0,17554,"PAVIMENTAÇÃO DE ÁREA PÚBLICA NA RUA ALAMEDAS DOS
IPÊS PRÓXIMO AO CONDOMÍNIO RESIDENCIAL VILLA VERDE, CONDOMÍNIO PRYSMA E CONDOMÍNIO MONTE CASTELO.",Em Análise Unidade,0.0,,0.0,DEPARTAMENTO DE ESTRADAS DE RODAGEM
183.01,Wellington Luiz,26205-DER,26.451.6209.1110.8205,APOIO A EXECUC?O DE OBRAS DE URBANIZAC?O,339030,556036,Ativo,556035.14,555888.24,0.86,0.0,15504,"PAVIMENTAÇÃO ASFÁLTICA - RUA SABIÁ- PONTE ALTA NORTE, RA II - GAMA",Anulado,0.0,,0.0,DEPARTAMENTO DE ESTRADAS DE RODAGEM
184.01,Wellington Luiz,40201-FAP,19.573.6207.9118.0054,APOIO A TRANSFERÊNCIA DE RECURSOS PARA DIFUSÃO CIENTÍFICA E TECNOLÓGICA,445042,26270,Ativo,26270.0,0.0,0.0,0.0,14847,"PROJETO ""PRODUÇÃO ORGÂNICA DE PLANTAS MEDICINAIS"".",Anulado,0.0,,0.0,FUNDAÇÃO DE APOIO À PESQUISA DO DISTRITO FEDERAL
184.01,Wellington Luiz,40201-FAP,19.573.6207.9118.0054,APOIO A TRANSFERÊNCIA DE RECURSOS PARA DIFUSÃO CIENTÍFICA E TECNOLÓGICA,445042,26270,Ativo,26270.0,0.0,0.0,0.0,16395,"""PRODUÇÃO ORGÂNICA DE PLANTAS MEDICINAIS, AROMÁTICAS E CONDIMENTARES: EMPODERAMENTO DE AGRICULTORES E MELHORIAS NA QUALIDADE DE VIDA NO CAMPO E NAS CIDADES""",Anulado,0.0,,0.0,FUNDAÇÃO DE APOIO À PESQUISA DO DISTRITO FEDERAL
184.01,Wellington Luiz,40201-FAP,19.573.6207.9118.0054,APOIO A TRANSFERÊNCIA DE RECURSOS PARA DIFUSÃO CIENTÍFICA E TECNOLÓGICA,445042,26270,Ativo,26270.0,0.0,0.0,0.0,16397,"""PRODUÇÃO ORGÂNICA DE PLANTAS MEDICINAIS, AROMÁTICAS E CONDIMENTARES: EMPODERAMENTO DE AGRICULTORES E MELHORIAS NA QUALIDADE DE VIDA NO CAMPO E NAS CIDADES""",Desbloqueado,26270.0,2025-09-26,26270.0,FUNDAÇÃO DE APOIO À PESQUISA DO DISTRITO FEDERAL
184.01,Wellington Luiz,40201-FAP,19.573.6207.9118.0054,APOIO A TRANSFERÊNCIA DE RECURSOS PARA DIFUSÃO CIENTÍFICA E TECNOLÓGICA,445042,26270,Ativo,26270.0,0.0,0.0,0.0,16449,"PROJETO DE DESENVOLVIMENTO LOCAL
DO DISTRITO FEDERAL - ""PRODUÇÃO ORGÂNICA DE PLANTAS MEDICINAIS.",Desbloqueado,273730.0,2025-09-26,273730.0,FUNDAÇÃO DE APOIO À PESQUISA DO DISTRITO FEDERAL
184.01,Wellington Luiz,40201-FAP,19.573.6207.9118.0054,APOIO A TRANSFERÊNCIA DE RECURSOS PARA DIFUSÃO CIENTÍFICA E TECNOLÓGICA,335041,273730,Ativo,273730.0,0.0,0.0,0.0,14847,"PROJETO ""PRODUÇÃO ORGÂNICA DE PLANTAS MEDICINAIS"".",Anulado,0.0,,0.0,FUNDAÇÃO DE APOIO À PESQUISA DO DISTRITO FEDERAL
184.01,Wellington Luiz,40201-FAP,19.573.6207.9118.0054,APOIO A TRANSFERÊNCIA DE RECURSOS PARA DIFUSÃO CIENTÍFICA E TECNOLÓGICA,335041,273730,Ativo,273730.0,0.0,0.0,0.0,16395,"""PRODUÇÃO ORGÂNICA DE PLANTAS MEDICINAIS, AROMÁTICAS E CONDIMENTARES: EMPODERAMENTO DE AGRICULTORES E MELHORIAS NA QUALIDADE DE VIDA NO CAMPO E NAS CIDADES""",Anulado,0.0,,0.0,FUNDAÇÃO DE APOIO À PESQUISA DO DISTRITO FEDERAL
184.01,Wellington Luiz,40201-FAP,19.573.6207.9118.0054,APOIO A TRANSFERÊNCIA DE RECURSOS PARA DIFUSÃO CIENTÍFICA E TECNOLÓGICA,335041,273730,Ativo,273730.0,0.0,0.0,0.0,16397,"""PRODUÇÃO ORGÂNICA DE PLANTAS MEDICINAIS, AROMÁTICAS E CONDIMENTARES: EMPODERAMENTO DE AGRICULTORES E MELHORIAS NA QUALIDADE DE VIDA NO CAMPO E NAS CIDADES""",Desbloqueado,26270.0,2025-09-26,26270.0,FUNDAÇÃO DE APOIO À PESQUISA DO DISTRITO FEDERAL
184.01,Wellington Luiz,40201-FAP,19.573.6207.9118.0054,APOIO A TRANSFERÊNCIA DE RECURSOS PARA DIFUSÃO CIENTÍFICA E TECNOLÓGICA,335041,273730,Ativo,273730.0,0.0,0.0,0.0,16449,"PROJETO DE DESENVOLVIMENTO LOCAL
DO DISTRITO FEDERAL - ""PRODUÇÃO ORGÂNICA DE PLANTAS MEDICINAIS.",Desbloqueado,273730.0,2025-09-26,273730.0,FUNDAÇÃO DE APOIO À PESQUISA DO DISTRITO FEDERAL
185.01,Wellington Luiz,19101-SEEC,04.122.0001.9106.0010,APOIO A REALIZAC?O DE CURSO DE FORMAC?O,339048,0,Cancelado,0.0,0.0,0.0,0.0,16147,CURSOS DE FORMAÇÃO DE SERVIDORES.,Em Análise Unidade,0.0,,0.0,SECRETARIA DE ESTADO DE ECONOMIA
186.01,Wellington Luiz,19101-SEEC,04.128.6203.4088.5825,APOIO A REALIZAC?O DE CAPACITAC?O DE SERVIDORES,339039,0,Cancelado,0.0,0.0,0.0,0.0,16149,CURSO DE FORMAÇÃO DE SERVIDORES.,Em Análise Unidade,0.0,,0.0,SECRETARIA DE ESTADO DE ECONOMIA
187.01,Wellington Luiz,18101-SEE,12.122.6221.9068.0400,APOIO A REALIZACAO DE PROGRAMA DESCENTRALIZAC?O DE RECURSOS FINANCEIROS PARA AS ESCOLAS - PDAF,335043,2304000,Ativo,860000.0,860000.0,175000.0,1269000.0,16582,ESCOLA CLASSE 510 - SAMAMBAIA,Em Análise SERP,0.0,,0.0,SECRETARIA DE ESTADO DE  EDUCAÇÃO DO DISTRITO FEDE
187.01,Wellington Luiz,18101-SEE,12.122.6221.9068.0400,APOIO A REALIZACAO DE PROGRAMA DESCENTRALIZAC?O DE RECURSOS FINANCEIROS PARA AS ESCOLAS - PDAF,335043,2304000,Ativo,860000.0,860000.0,175000.0,1269000.0,16585,ESCOLA CLASSE 510 - SAMAMBAIA,Em Análise SERP,0.0,,0.0,SECRETARIA DE ESTADO DE  EDUCAÇÃO DO DISTRITO FEDE
187.01,Wellington Luiz,18101-SEE,12.122.6221.9068.0400,APOIO A REALIZACAO DE PROGRAMA DESCENTRALIZAC?O DE RECURSOS FINANCEIROS PARA AS ESCOLAS - PDAF,335043,2304000,Ativo,860000.0,860000.0,175000.0,1269000.0,16615,ESCOLA CLASSE 16 DE CEILÂNDIA,Desbloqueado,75000.0,2025-09-26,75000.0,SECRETARIA DE ESTADO DE  EDUCAÇÃO DO DISTRITO FEDE
187.01,Wellington Luiz,18101-SEE,12.122.6221.9068.0400,APOIO A REALIZACAO DE PROGRAMA DESCENTRALIZAC?O DE RECURSOS FINANCEIROS PARA AS ESCOLAS - PDAF,335043,2304000,Ativo,860000.0,860000.0,175000.0,1269000.0,16783,"PDAF CENTRO DE ENSINO FUNDAMENTAL 410
NORTE.",Em Análise SERP,0.0,,0.0,SECRETARIA DE ESTADO DE  EDUCAÇÃO DO DISTRITO FEDE
187.01,Wellington Luiz,18101-SEE,12.122.6221.9068.0400,APOIO A REALIZACAO DE PROGRAMA DESCENTRALIZAC?O DE RECURSOS FINANCEIROS PARA AS ESCOLAS - PDAF,335043,2304000,Ativo,860000.0,860000.0,175000.0,1269000.0,16784,PDAF CENTRO DE ENSINO FUNDAMENTAL 410 NORTE.,Em Análise SERP,0.0,,0.0,SECRETARIA DE ESTADO DE  EDUCAÇÃO DO DISTRITO FEDE
187.01,Wellington Luiz,18101-SEE,12.122.6221.9068.0400,APOIO A REALIZACAO DE PROGRAMA DESCENTRALIZAC?O DE RECURSOS FINANCEIROS PARA AS ESCOLAS - PDAF,335043,2304000,Ativo,860000.0,860000.0,175000.0,1269000.0,16850,ESCOLA CLASSE 13 DE PLANALTINA,Em Análise SERP,0.0,,0.0,SECRETARIA DE ESTADO DE  EDUCAÇÃO DO DISTRITO FEDE
187.01,Wellington Luiz,18101-SEE,12.122.6221.9068.0400,APOIO A REALIZACAO DE PROGRAMA DESCENTRALIZAC?O DE RECURSOS FINANCEIROS PARA AS ESCOLAS - PDAF,335043,2304000,Ativo,860000.0,860000.0,175000.0,1269000.0,17691,PDAF ESCOLA CLASSE 19 DE CEILÂNDIA,Em Análise SERP,0.0,,0.0,SECRETARIA DE ESTADO DE  EDUCAÇÃO DO DISTRITO FEDE
187.01,Wellington Luiz,18101-SEE,12.122.6221.9068.0400,APOIO A REALIZACAO DE PROGRAMA DESCENTRALIZAC?O DE RECURSOS FINANCEIROS PARA AS ESCOLAS - PDAF,335043,2304000,Ativo,860000.0,860000.0,175000.0,1269000.0,13649,PDAF CENTRO DE ENSINO FUNDAMENTAL 10 DE TAGUATINGA.,Desbloqueado,50000.0,2025-02-21,50000.0,SECRETARIA DE ESTADO DE  EDUCAÇÃO DO DISTRITO FEDE
187.01,Wellington Luiz,18101-SEE,12.122.6221.9068.0400,APOIO A REALIZACAO DE PROGRAMA DESCENTRALIZAC?O DE RECURSOS FINANCEIROS PARA AS ESCOLAS - PDAF,335043,2304000,Ativo,860000.0,860000.0,175000.0,1269000.0,13980,ESCOLA CLASSE 13 DE PLANALTINA - PDAF,Desbloqueado,100000.0,2025-08-22,100000.0,SECRETARIA DE ESTADO DE  EDUCAÇÃO DO DISTRITO FEDE
187.01,Wellington Luiz,18101-SEE,12.122.6221.9068.0400,APOIO A REALIZACAO DE PROGRAMA DESCENTRALIZAC?O DE RECURSOS FINANCEIROS PARA AS ESCOLAS - PDAF,335043,2304000,Ativo,860000.0,860000.0,175000.0,1269000.0,13981,ESCOLA CLASSE 14 DE PLANALTINA - PDAF,Desbloqueado,100000.0,2025-08-22,100000.0,SECRETARIA DE ESTADO DE  EDUCAÇÃO DO DISTRITO FEDE
187.01,Wellington Luiz,18101-SEE,12.122.6221.9068.0400,APOIO A REALIZACAO DE PROGRAMA DESCENTRALIZAC?O DE RECURSOS FINANCEIROS PARA AS ESCOLAS - PDAF,335043,2304000,Ativo,860000.0,860000.0,175000.0,1269000.0,13983,ESCOLA CLASSE 04 DE PLANALTINA - PDAF,Desbloqueado,65000.0,2025-08-22,65000.0,SECRETARIA DE ESTADO DE  EDUCAÇÃO DO DISTRITO FEDE
187.01,Wellington Luiz,18101-SEE,12.122.6221.9068.0400,APOIO A REALIZACAO DE PROGRAMA DESCENTRALIZAC?O DE RECURSOS FINANCEIROS PARA AS ESCOLAS - PDAF,335043,2304000,Ativo,860000.0,860000.0,175000.0,1269000.0,13985,ESCOLA CLASSE 04 DE PLANALTINA - PDAF,Desbloqueado,35000.0,2025-08-22,35000.0,SECRETARIA DE ESTADO DE  EDUCAÇÃO DO DISTRITO FEDE
187.01,Wellington Luiz,18101-SEE,12.122.6221.9068.0400,APOIO A REALIZACAO DE PROGRAMA DESCENTRALIZAC?O DE RECURSOS FINANCEIROS PARA AS ESCOLAS - PDAF,335043,2304000,Ativo,860000.0,860000.0,175000.0,1269000.0,13987,"DIRETORIA REGIONAL DE ENSINO DE PLANATINA.
CEF 04 - COLÉGIO CÍVICO - MILITAR DO DISTRITO FEDERAL - PDAF",Desbloqueado,100000.0,2025-08-22,100000.0,SECRETARIA DE ESTADO DE  EDUCAÇÃO DO DISTRITO FEDE
187.01,Wellington Luiz,18101-SEE,12.122.6221.9068.0400,APOIO A REALIZACAO DE PROGRAMA DESCENTRALIZAC?O DE RECURSOS FINANCEIROS PARA AS ESCOLAS - PDAF,335043,2304000,Ativo,860000.0,860000.0,175000.0,1269000.0,14249,PDAF CENTRO EDUCACIONAL ENGENHO DAS LAJES.,Desbloqueado,100000.0,2025-06-13,100000.0,SECRETARIA DE ESTADO DE  EDUCAÇÃO DO DISTRITO FEDE
187.01,Wellington Luiz,18101-SEE,12.122.6221.9068.0400,APOIO A REALIZACAO DE PROGRAMA DESCENTRALIZAC?O DE RECURSOS FINANCEIROS PARA AS ESCOLAS - PDAF,335043,2304000,Ativo,860000.0,860000.0,175000.0,1269000.0,14251,PDAF - ESCOLA CLASSE VILA DO BOA,Desbloqueado,100000.0,2025-06-13,100000.0,SECRETARIA DE ESTADO DE  EDUCAÇÃO DO DISTRITO FEDE
187.01,Wellington Luiz,18101-SEE,12.122.6221.9068.0400,APOIO A REALIZACAO DE PROGRAMA DESCENTRALIZAC?O DE RECURSOS FINANCEIROS PARA AS ESCOLAS - PDAF,335043,2304000,Ativo,860000.0,860000.0,175000.0,1269000.0,14252,PDAF - CENTRO DE EDUCAÇÃO INFANTIL 416 DE SANTA MARIA,Em Análise SERP,0.0,,0.0,SECRETARIA DE ESTADO DE  EDUCAÇÃO DO DISTRITO FEDE
187.01,Wellington Luiz,18101-SEE,12.122.6221.9068.0400,APOIO A REALIZACAO DE PROGRAMA DESCENTRALIZAC?O DE RECURSOS FINANCEIROS PARA AS ESCOLAS - PDAF,335043,2304000,Ativo,860000.0,860000.0,175000.0,1269000.0,14253,PDAF - ESCOLA CLASSE 01 DO GUARÁ,Em Análise SERP,0.0,,0.0,SECRETARIA DE ESTADO DE  EDUCAÇÃO DO DISTRITO FEDE
187.01,Wellington Luiz,18101-SEE,12.122.6221.9068.0400,APOIO A REALIZACAO DE PROGRAMA DESCENTRALIZAC?O DE RECURSOS FINANCEIROS PARA AS ESCOLAS - PDAF,335043,2304000,Ativo,860000.0,860000.0,175000.0,1269000.0,14301,PDAF CENTRO DE ENSINO MÉDIA URSO BRANCO.,Desbloqueado,100000.0,2025-08-19,100000.0,SECRETARIA DE ESTADO DE  EDUCAÇÃO DO DISTRITO FEDE
187.01,Wellington Luiz,18101-SEE,12.122.6221.9068.0400,APOIO A REALIZACAO DE PROGRAMA DESCENTRALIZAC?O DE RECURSOS FINANCEIROS PARA AS ESCOLAS - PDAF,335043,2304000,Ativo,860000.0,860000.0,175000.0,1269000.0,14832,PDAF (ODC) - APAM DO CEF CERÂMICA SÃO PAULO.,Em Análise SERP,0.0,,0.0,SECRETARIA DE ESTADO DE  EDUCAÇÃO DO DISTRITO FEDE
187.01,Wellington Luiz,18101-SEE,12.122.6221.9068.0400,APOIO A REALIZACAO DE PROGRAMA DESCENTRALIZAC?O DE RECURSOS FINANCEIROS PARA AS ESCOLAS - PDAF,335043,2304000,Ativo,860000.0,860000.0,175000.0,1269000.0,14834,PDAF (ODC) - CEF ATHOS BULCÃO,Desbloqueado,100000.0,2025-08-19,100000.0,SECRETARIA DE ESTADO DE  EDUCAÇÃO DO DISTRITO FEDE
187.01,Wellington Luiz,18101-SEE,12.122.6221.9068.0400,APOIO A REALIZACAO DE PROGRAMA DESCENTRALIZAC?O DE RECURSOS FINANCEIROS PARA AS ESCOLAS - PDAF,335043,2304000,Ativo,860000.0,860000.0,175000.0,1269000.0,14835,PDAF (INV) - CEF ATHOS BULCÃO.,Desbloqueado,100000.0,2025-08-19,100000.0,SECRETARIA DE ESTADO DE  EDUCAÇÃO DO DISTRITO FEDE
187.01,Wellington Luiz,18101-SEE,12.122.6221.9068.0400,APOIO A REALIZACAO DE PROGRAMA DESCENTRALIZAC?O DE RECURSOS FINANCEIROS PARA AS ESCOLAS - PDAF,335043,2304000,Ativo,860000.0,860000.0,175000.0,1269000.0,14907,PDAF (ODC) - CEF 802 DO RECANTO DAS EMAS.,Em Análise SERP,0.0,,0.0,SECRETARIA DE ESTADO DE  EDUCAÇÃO DO DISTRITO FEDE
187.01,Wellington Luiz,18101-SEE,12.122.6221.9068.0400,APOIO A REALIZACAO DE PROGRAMA DESCENTRALIZAC?O DE RECURSOS FINANCEIROS PARA AS ESCOLAS - PDAF,335043,2304000,Ativo,860000.0,860000.0,175000.0,1269000.0,14924,PDAF (INV) - CENTRO EDUCACIONAL DO LAGO - CEL,Em Análise SERP,0.0,,0.0,SECRETARIA DE ESTADO DE  EDUCAÇÃO DO DISTRITO FEDE
187.01,Wellington Luiz,18101-SEE,12.122.6221.9068.0400,APOIO A REALIZACAO DE PROGRAMA DESCENTRALIZAC?O DE RECURSOS FINANCEIROS PARA AS ESCOLAS - PDAF,335043,2304000,Ativo,860000.0,860000.0,175000.0,1269000.0,14928,PDAF (ODC) - CEF 01 NÚCLEO BANDEIRANTE.,Em Análise SERP,0.0,,0.0,SECRETARIA DE ESTADO DE  EDUCAÇÃO DO DISTRITO FEDE
187.01,Wellington Luiz,18101-SEE,12.122.6221.9068.0400,APOIO A REALIZACAO DE PROGRAMA DESCENTRALIZAC?O DE RECURSOS FINANCEIROS PARA AS ESCOLAS - PDAF,335043,2304000,Ativo,860000.0,860000.0,175000.0,1269000.0,14956,PDAF (ODC) - EC 29 DO GAMA.,Em Análise SERP,0.0,,0.0,SECRETARIA DE ESTADO DE  EDUCAÇÃO DO DISTRITO FEDE
187.01,Wellington Luiz,18101-SEE,12.122.6221.9068.0400,APOIO A REALIZACAO DE PROGRAMA DESCENTRALIZAC?O DE RECURSOS FINANCEIROS PARA AS ESCOLAS - PDAF,335043,2304000,Ativo,860000.0,860000.0,175000.0,1269000.0,15207,PDAF (ODC) - CEMEIT,Em Análise SERP,0.0,,0.0,SECRETARIA DE ESTADO DE  EDUCAÇÃO DO DISTRITO FEDE
187.01,Wellington Luiz,18101-SEE,12.122.6221.9068.0400,APOIO A REALIZACAO DE PROGRAMA DESCENTRALIZAC?O DE RECURSOS FINANCEIROS PARA AS ESCOLAS - PDAF,335043,2304000,Ativo,860000.0,860000.0,175000.0,1269000.0,15542,PDAF (ODC) - ESCOLA CLASSE 01 DO GUARÁ,Desbloqueado,125000.0,2025-09-12,125000.0,SECRETARIA DE ESTADO DE  EDUCAÇÃO DO DISTRITO FEDE
187.01,Wellington Luiz,18101-SEE,12.122.6221.9068.0400,APOIO A REALIZACAO DE PROGRAMA DESCENTRALIZAC?O DE RECURSOS FINANCEIROS PARA AS ESCOLAS - PDAF,335043,2304000,Ativo,860000.0,860000.0,175000.0,1269000.0,15548,PDAF (ODC) - ESCOLA CLASSE 16 DE PLANALTINA,Em Análise SERP,0.0,,0.0,SECRETARIA DE ESTADO DE  EDUCAÇÃO DO DISTRITO FEDE
187.01,Wellington Luiz,18101-SEE,12.122.6221.9068.0400,APOIO A REALIZACAO DE PROGRAMA DESCENTRALIZAC?O DE RECURSOS FINANCEIROS PARA AS ESCOLAS - PDAF,335043,2304000,Ativo,860000.0,860000.0,175000.0,1269000.0,15613,PDAF (INV) - ESCOLA PÚBLICA INTEGRAL BILÍNGUE LIBRAS E PORTUGÊS ESCRITO DO PLANO PILOTO.,Anulado,0.0,,0.0,SECRETARIA DE ESTADO DE  EDUCAÇÃO DO DISTRITO FEDE
187.01,Wellington Luiz,18101-SEE,12.122.6221.9068.0400,APOIO A REALIZACAO DE PROGRAMA DESCENTRALIZAC?O DE RECURSOS FINANCEIROS PARA AS ESCOLAS - PDAF,335043,2304000,Ativo,860000.0,860000.0,175000.0,1269000.0,15676,PDAF (ODC) - CEM 12.,Em Análise SERP,0.0,,0.0,SECRETARIA DE ESTADO DE  EDUCAÇÃO DO DISTRITO FEDE
187.01,Wellington Luiz,18101-SEE,12.122.6221.9068.0400,APOIO A REALIZACAO DE PROGRAMA DESCENTRALIZAC?O DE RECURSOS FINANCEIROS PARA AS ESCOLAS - PDAF,335043,2304000,Ativo,860000.0,860000.0,175000.0,1269000.0,15677,PDAF (INV) - CEM 12.,Em Análise SERP,0.0,,0.0,SECRETARIA DE ESTADO DE  EDUCAÇÃO DO DISTRITO FEDE
187.01,Wellington Luiz,18101-SEE,12.122.6221.9068.0400,APOIO A REALIZACAO DE PROGRAMA DESCENTRALIZAC?O DE RECURSOS FINANCEIROS PARA AS ESCOLAS - PDAF,335043,2304000,Ativo,860000.0,860000.0,175000.0,1269000.0,15679,PDAF (INV) - ESCOLA PÚBLICA INTEGRAL BILÍNGUE LIBRAS E PORTUGÊS ESCRITO DO PLANO PILOTO.,Em Análise SERP,0.0,,0.0,SECRETARIA DE ESTADO DE  EDUCAÇÃO DO DISTRITO FEDE
187.01,Wellington Luiz,18101-SEE,12.122.6221.9068.0400,APOIO A REALIZACAO DE PROGRAMA DESCENTRALIZAC?O DE RECURSOS FINANCEIROS PARA AS ESCOLAS - PDAF,335043,2304000,Ativo,860000.0,860000.0,175000.0,1269000.0,13605,PDAF CENTRO INTERESCOLAR DE LÍNGUAS 02 DE BRASÍLIA.,Desbloqueado,100000.0,2025-04-04,100000.0,SECRETARIA DE ESTADO DE  EDUCAÇÃO DO DISTRITO FEDE
187.01,Wellington Luiz,18101-SEE,12.122.6221.9068.0400,APOIO A REALIZACAO DE PROGRAMA DESCENTRALIZAC?O DE RECURSOS FINANCEIROS PARA AS ESCOLAS - PDAF,335043,2304000,Ativo,860000.0,860000.0,175000.0,1269000.0,16369,PDAF (ODC) - CEF 03.,Desbloqueado,70000.0,2025-08-19,70000.0,SECRETARIA DE ESTADO DE  EDUCAÇÃO DO DISTRITO FEDE
187.01,Wellington Luiz,18101-SEE,12.122.6221.9068.0400,APOIO A REALIZACAO DE PROGRAMA DESCENTRALIZAC?O DE RECURSOS FINANCEIROS PARA AS ESCOLAS - PDAF,335043,2304000,Ativo,860000.0,860000.0,175000.0,1269000.0,16378,ESCOLA CLASSE 312 NORTE,Em Análise SERP,0.0,,0.0,SECRETARIA DE ESTADO DE  EDUCAÇÃO DO DISTRITO FEDE
187.01,Wellington Luiz,18101-SEE,12.122.6221.9068.0400,APOIO A REALIZACAO DE PROGRAMA DESCENTRALIZAC?O DE RECURSOS FINANCEIROS PARA AS ESCOLAS - PDAF,445042,820000,Ativo,285000.0,285000.0,0.0,535000.0,16582,ESCOLA CLASSE 510 - SAMAMBAIA,Em Análise SERP,0.0,,0.0,SECRETARIA DE ESTADO DE  EDUCAÇÃO DO DISTRITO FEDE
187.01,Wellington Luiz,18101-SEE,12.122.6221.9068.0400,APOIO A REALIZACAO DE PROGRAMA DESCENTRALIZAC?O DE RECURSOS FINANCEIROS PARA AS ESCOLAS - PDAF,445042,820000,Ativo,285000.0,285000.0,0.0,535000.0,16585,ESCOLA CLASSE 510 - SAMAMBAIA,Em Análise SERP,0.0,,0.0,SECRETARIA DE ESTADO DE  EDUCAÇÃO DO DISTRITO FEDE
187.01,Wellington Luiz,18101-SEE,12.122.6221.9068.0400,APOIO A REALIZACAO DE PROGRAMA DESCENTRALIZAC?O DE RECURSOS FINANCEIROS PARA AS ESCOLAS - PDAF,445042,820000,Ativo,285000.0,285000.0,0.0,535000.0,16615,ESCOLA CLASSE 16 DE CEILÂNDIA,Desbloqueado,75000.0,2025-09-26,75000.0,SECRETARIA DE ESTADO DE  EDUCAÇÃO DO DISTRITO FEDE
187.01,Wellington Luiz,18101-SEE,12.122.6221.9068.0400,APOIO A REALIZACAO DE PROGRAMA DESCENTRALIZAC?O DE RECURSOS FINANCEIROS PARA AS ESCOLAS - PDAF,445042,820000,Ativo,285000.0,285000.0,0.0,535000.0,16783,"PDAF CENTRO DE ENSINO FUNDAMENTAL 410
NORTE.",Em Análise SERP,0.0,,0.0,SECRETARIA DE ESTADO DE  EDUCAÇÃO DO DISTRITO FEDE
187.01,Wellington Luiz,18101-SEE,12.122.6221.9068.0400,APOIO A REALIZACAO DE PROGRAMA DESCENTRALIZAC?O DE RECURSOS FINANCEIROS PARA AS ESCOLAS - PDAF,445042,820000,Ativo,285000.0,285000.0,0.0,535000.0,16784,PDAF CENTRO DE ENSINO FUNDAMENTAL 410 NORTE.,Em Análise SERP,0.0,,0.0,SECRETARIA DE ESTADO DE  EDUCAÇÃO DO DISTRITO FEDE
187.01,Wellington Luiz,18101-SEE,12.122.6221.9068.0400,APOIO A REALIZACAO DE PROGRAMA DESCENTRALIZAC?O DE RECURSOS FINANCEIROS PARA AS ESCOLAS - PDAF,445042,820000,Ativo,285000.0,285000.0,0.0,535000.0,16850,ESCOLA CLASSE 13 DE PLANALTINA,Em Análise SERP,0.0,,0.0,SECRETARIA DE ESTADO DE  EDUCAÇÃO DO DISTRITO FEDE
187.01,Wellington Luiz,18101-SEE,12.122.6221.9068.0400,APOIO A REALIZACAO DE PROGRAMA DESCENTRALIZAC?O DE RECURSOS FINANCEIROS PARA AS ESCOLAS - PDAF,445042,820000,Ativo,285000.0,285000.0,0.0,535000.0,17691,PDAF ESCOLA CLASSE 19 DE CEILÂNDIA,Em Análise SERP,0.0,,0.0,SECRETARIA DE ESTADO DE  EDUCAÇÃO DO DISTRITO FEDE
187.01,Wellington Luiz,18101-SEE,12.122.6221.9068.0400,APOIO A REALIZACAO DE PROGRAMA DESCENTRALIZAC?O DE RECURSOS FINANCEIROS PARA AS ESCOLAS - PDAF,445042,820000,Ativo,285000.0,285000.0,0.0,535000.0,13649,PDAF CENTRO DE ENSINO FUNDAMENTAL 10 DE TAGUATINGA.,Desbloqueado,50000.0,2025-02-21,50000.0,SECRETARIA DE ESTADO DE  EDUCAÇÃO DO DISTRITO FEDE
187.01,Wellington Luiz,18101-SEE,12.122.6221.9068.0400,APOIO A REALIZACAO DE PROGRAMA DESCENTRALIZAC?O DE RECURSOS FINANCEIROS PARA AS ESCOLAS - PDAF,445042,820000,Ativo,285000.0,285000.0,0.0,535000.0,13980,ESCOLA CLASSE 13 DE PLANALTINA - PDAF,Desbloqueado,100000.0,2025-08-22,100000.0,SECRETARIA DE ESTADO DE  EDUCAÇÃO DO DISTRITO FEDE
187.01,Wellington Luiz,18101-SEE,12.122.6221.9068.0400,APOIO A REALIZACAO DE PROGRAMA DESCENTRALIZAC?O DE RECURSOS FINANCEIROS PARA AS ESCOLAS - PDAF,445042,820000,Ativo,285000.0,285000.0,0.0,535000.0,13981,ESCOLA CLASSE 14 DE PLANALTINA - PDAF,Desbloqueado,100000.0,2025-08-22,100000.0,SECRETARIA DE ESTADO DE  EDUCAÇÃO DO DISTRITO FEDE
187.01,Wellington Luiz,18101-SEE,12.122.6221.9068.0400,APOIO A REALIZACAO DE PROGRAMA DESCENTRALIZAC?O DE RECURSOS FINANCEIROS PARA AS ESCOLAS - PDAF,445042,820000,Ativo,285000.0,285000.0,0.0,535000.0,13983,ESCOLA CLASSE 04 DE PLANALTINA - PDAF,Desbloqueado,65000.0,2025-08-22,65000.0,SECRETARIA DE ESTADO DE  EDUCAÇÃO DO DISTRITO FEDE
187.01,Wellington Luiz,18101-SEE,12.122.6221.9068.0400,APOIO A REALIZACAO DE PROGRAMA DESCENTRALIZAC?O DE RECURSOS FINANCEIROS PARA AS ESCOLAS - PDAF,445042,820000,Ativo,285000.0,285000.0,0.0,535000.0,13985,ESCOLA CLASSE 04 DE PLANALTINA - PDAF,Desbloqueado,35000.0,2025-08-22,35000.0,SECRETARIA DE ESTADO DE  EDUCAÇÃO DO DISTRITO FEDE
187.01,Wellington Luiz,18101-SEE,12.122.6221.9068.0400,APOIO A REALIZACAO DE PROGRAMA DESCENTRALIZAC?O DE RECURSOS FINANCEIROS PARA AS ESCOLAS - PDAF,445042,820000,Ativo,285000.0,285000.0,0.0,535000.0,13987,"DIRETORIA REGIONAL DE ENSINO DE PLANATINA.
CEF 04 - COLÉGIO CÍVICO - MILITAR DO DISTRITO FEDERAL - PDAF",Desbloqueado,100000.0,2025-08-22,100000.0,SECRETARIA DE ESTADO DE  EDUCAÇÃO DO DISTRITO FEDE
187.01,Wellington Luiz,18101-SEE,12.122.6221.9068.0400,APOIO A REALIZACAO DE PROGRAMA DESCENTRALIZAC?O DE RECURSOS FINANCEIROS PARA AS ESCOLAS - PDAF,445042,820000,Ativo,285000.0,285000.0,0.0,535000.0,14249,PDAF CENTRO EDUCACIONAL ENGENHO DAS LAJES.,Desbloqueado,100000.0,2025-06-13,100000.0,SECRETARIA DE ESTADO DE  EDUCAÇÃO DO DISTRITO FEDE
187.01,Wellington Luiz,18101-SEE,12.122.6221.9068.0400,APOIO A REALIZACAO DE PROGRAMA DESCENTRALIZAC?O DE RECURSOS FINANCEIROS PARA AS ESCOLAS - PDAF,445042,820000,Ativo,285000.0,285000.0,0.0,535000.0,14251,PDAF - ESCOLA CLASSE VILA DO BOA,Desbloqueado,100000.0,2025-06-13,100000.0,SECRETARIA DE ESTADO DE  EDUCAÇÃO DO DISTRITO FEDE
187.01,Wellington Luiz,18101-SEE,12.122.6221.9068.0400,APOIO A REALIZACAO DE PROGRAMA DESCENTRALIZAC?O DE RECURSOS FINANCEIROS PARA AS ESCOLAS - PDAF,445042,820000,Ativo,285000.0,285000.0,0.0,535000.0,14252,PDAF - CENTRO DE EDUCAÇÃO INFANTIL 416 DE SANTA MARIA,Em Análise SERP,0.0,,0.0,SECRETARIA DE ESTADO DE  EDUCAÇÃO DO DISTRITO FEDE
187.01,Wellington Luiz,18101-SEE,12.122.6221.9068.0400,APOIO A REALIZACAO DE PROGRAMA DESCENTRALIZAC?O DE RECURSOS FINANCEIROS PARA AS ESCOLAS - PDAF,445042,820000,Ativo,285000.0,285000.0,0.0,535000.0,14253,PDAF - ESCOLA CLASSE 01 DO GUARÁ,Em Análise SERP,0.0,,0.0,SECRETARIA DE ESTADO DE  EDUCAÇÃO DO DISTRITO FEDE
187.01,Wellington Luiz,18101-SEE,12.122.6221.9068.0400,APOIO A REALIZACAO DE PROGRAMA DESCENTRALIZAC?O DE RECURSOS FINANCEIROS PARA AS ESCOLAS - PDAF,445042,820000,Ativo,285000.0,285000.0,0.0,535000.0,14301,PDAF CENTRO DE ENSINO MÉDIA URSO BRANCO.,Desbloqueado,100000.0,2025-08-19,100000.0,SECRETARIA DE ESTADO DE  EDUCAÇÃO DO DISTRITO FEDE
187.01,Wellington Luiz,18101-SEE,12.122.6221.9068.0400,APOIO A REALIZACAO DE PROGRAMA DESCENTRALIZAC?O DE RECURSOS FINANCEIROS PARA AS ESCOLAS - PDAF,445042,820000,Ativo,285000.0,285000.0,0.0,535000.0,14832,PDAF (ODC) - APAM DO CEF CERÂMICA SÃO PAULO.,Em Análise SERP,0.0,,0.0,SECRETARIA DE ESTADO DE  EDUCAÇÃO DO DISTRITO FEDE
187.01,Wellington Luiz,18101-SEE,12.122.6221.9068.0400,APOIO A REALIZACAO DE PROGRAMA DESCENTRALIZAC?O DE RECURSOS FINANCEIROS PARA AS ESCOLAS - PDAF,445042,820000,Ativo,285000.0,285000.0,0.0,535000.0,14834,PDAF (ODC) - CEF ATHOS BULCÃO,Desbloqueado,100000.0,2025-08-19,100000.0,SECRETARIA DE ESTADO DE  EDUCAÇÃO DO DISTRITO FEDE
187.01,Wellington Luiz,18101-SEE,12.122.6221.9068.0400,APOIO A REALIZACAO DE PROGRAMA DESCENTRALIZAC?O DE RECURSOS FINANCEIROS PARA AS ESCOLAS - PDAF,445042,820000,Ativo,285000.0,285000.0,0.0,535000.0,14835,PDAF (INV) - CEF ATHOS BULCÃO.,Desbloqueado,100000.0,2025-08-19,100000.0,SECRETARIA DE ESTADO DE  EDUCAÇÃO DO DISTRITO FEDE
187.01,Wellington Luiz,18101-SEE,12.122.6221.9068.0400,APOIO A REALIZACAO DE PROGRAMA DESCENTRALIZAC?O DE RECURSOS FINANCEIROS PARA AS ESCOLAS - PDAF,445042,820000,Ativo,285000.0,285000.0,0.0,535000.0,14907,PDAF (ODC) - CEF 802 DO RECANTO DAS EMAS.,Em Análise SERP,0.0,,0.0,SECRETARIA DE ESTADO DE  EDUCAÇÃO DO DISTRITO FEDE
187.01,Wellington Luiz,18101-SEE,12.122.6221.9068.0400,APOIO A REALIZACAO DE PROGRAMA DESCENTRALIZAC?O DE RECURSOS FINANCEIROS PARA AS ESCOLAS - PDAF,445042,820000,Ativo,285000.0,285000.0,0.0,535000.0,14924,PDAF (INV) - CENTRO EDUCACIONAL DO LAGO - CEL,Em Análise SERP,0.0,,0.0,SECRETARIA DE ESTADO DE  EDUCAÇÃO DO DISTRITO FEDE
187.01,Wellington Luiz,18101-SEE,12.122.6221.9068.0400,APOIO A REALIZACAO DE PROGRAMA DESCENTRALIZAC?O DE RECURSOS FINANCEIROS PARA AS ESCOLAS - PDAF,445042,820000,Ativo,285000.0,285000.0,0.0,535000.0,14928,PDAF (ODC) - CEF 01 NÚCLEO BANDEIRANTE.,Em Análise SERP,0.0,,0.0,SECRETARIA DE ESTADO DE  EDUCAÇÃO DO DISTRITO FEDE
187.01,Wellington Luiz,18101-SEE,12.122.6221.9068.0400,APOIO A REALIZACAO DE PROGRAMA DESCENTRALIZAC?O DE RECURSOS FINANCEIROS PARA AS ESCOLAS - PDAF,445042,820000,Ativo,285000.0,285000.0,0.0,535000.0,14956,PDAF (ODC) - EC 29 DO GAMA.,Em Análise SERP,0.0,,0.0,SECRETARIA DE ESTADO DE  EDUCAÇÃO DO DISTRITO FEDE
187.01,Wellington Luiz,18101-SEE,12.122.6221.9068.0400,APOIO A REALIZACAO DE PROGRAMA DESCENTRALIZAC?O DE RECURSOS FINANCEIROS PARA AS ESCOLAS - PDAF,445042,820000,Ativo,285000.0,285000.0,0.0,535000.0,15207,PDAF (ODC) - CEMEIT,Em Análise SERP,0.0,,0.0,SECRETARIA DE ESTADO DE  EDUCAÇÃO DO DISTRITO FEDE
187.01,Wellington Luiz,18101-SEE,12.122.6221.9068.0400,APOIO A REALIZACAO DE PROGRAMA DESCENTRALIZAC?O DE RECURSOS FINANCEIROS PARA AS ESCOLAS - PDAF,445042,820000,Ativo,285000.0,285000.0,0.0,535000.0,15542,PDAF (ODC) - ESCOLA CLASSE 01 DO GUARÁ,Desbloqueado,125000.0,2025-09-12,125000.0,SECRETARIA DE ESTADO DE  EDUCAÇÃO DO DISTRITO FEDE
187.01,Wellington Luiz,18101-SEE,12.122.6221.9068.0400,APOIO A REALIZACAO DE PROGRAMA DESCENTRALIZAC?O DE RECURSOS FINANCEIROS PARA AS ESCOLAS - PDAF,445042,820000,Ativo,285000.0,285000.0,0.0,535000.0,15548,PDAF (ODC) - ESCOLA CLASSE 16 DE PLANALTINA,Em Análise SERP,0.0,,0.0,SECRETARIA DE ESTADO DE  EDUCAÇÃO DO DISTRITO FEDE
187.01,Wellington Luiz,18101-SEE,12.122.6221.9068.0400,APOIO A REALIZACAO DE PROGRAMA DESCENTRALIZAC?O DE RECURSOS FINANCEIROS PARA AS ESCOLAS - PDAF,445042,820000,Ativo,285000.0,285000.0,0.0,535000.0,15613,PDAF (INV) - ESCOLA PÚBLICA INTEGRAL BILÍNGUE LIBRAS E PORTUGÊS ESCRITO DO PLANO PILOTO.,Anulado,0.0,,0.0,SECRETARIA DE ESTADO DE  EDUCAÇÃO DO DISTRITO FEDE
187.01,Wellington Luiz,18101-SEE,12.122.6221.9068.0400,APOIO A REALIZACAO DE PROGRAMA DESCENTRALIZAC?O DE RECURSOS FINANCEIROS PARA AS ESCOLAS - PDAF,445042,820000,Ativo,285000.0,285000.0,0.0,535000.0,15676,PDAF (ODC) - CEM 12.,Em Análise SERP,0.0,,0.0,SECRETARIA DE ESTADO DE  EDUCAÇÃO DO DISTRITO FEDE
187.01,Wellington Luiz,18101-SEE,12.122.6221.9068.0400,APOIO A REALIZACAO DE PROGRAMA DESCENTRALIZAC?O DE RECURSOS FINANCEIROS PARA AS ESCOLAS - PDAF,445042,820000,Ativo,285000.0,285000.0,0.0,535000.0,15677,PDAF (INV) - CEM 12.,Em Análise SERP,0.0,,0.0,SECRETARIA DE ESTADO DE  EDUCAÇÃO DO DISTRITO FEDE
187.01,Wellington Luiz,18101-SEE,12.122.6221.9068.0400,APOIO A REALIZACAO DE PROGRAMA DESCENTRALIZAC?O DE RECURSOS FINANCEIROS PARA AS ESCOLAS - PDAF,445042,820000,Ativo,285000.0,285000.0,0.0,535000.0,15679,PDAF (INV) - ESCOLA PÚBLICA INTEGRAL BILÍNGUE LIBRAS E PORTUGÊS ESCRITO DO PLANO PILOTO.,Em Análise SERP,0.0,,0.0,SECRETARIA DE ESTADO DE  EDUCAÇÃO DO DISTRITO FEDE
187.01,Wellington Luiz,18101-SEE,12.122.6221.9068.0400,APOIO A REALIZACAO DE PROGRAMA DESCENTRALIZAC?O DE RECURSOS FINANCEIROS PARA AS ESCOLAS - PDAF,445042,820000,Ativo,285000.0,285000.0,0.0,535000.0,13605,PDAF CENTRO INTERESCOLAR DE LÍNGUAS 02 DE BRASÍLIA.,Desbloqueado,100000.0,2025-04-04,100000.0,SECRETARIA DE ESTADO DE  EDUCAÇÃO DO DISTRITO FEDE
187.01,Wellington Luiz,18101-SEE,12.122.6221.9068.0400,APOIO A REALIZACAO DE PROGRAMA DESCENTRALIZAC?O DE RECURSOS FINANCEIROS PARA AS ESCOLAS - PDAF,445042,820000,Ativo,285000.0,285000.0,0.0,535000.0,16369,PDAF (ODC) - CEF 03.,Desbloqueado,70000.0,2025-08-19,70000.0,SECRETARIA DE ESTADO DE  EDUCAÇÃO DO DISTRITO FEDE
187.01,Wellington Luiz,18101-SEE,12.122.6221.9068.0400,APOIO A REALIZACAO DE PROGRAMA DESCENTRALIZAC?O DE RECURSOS FINANCEIROS PARA AS ESCOLAS - PDAF,445042,820000,Ativo,285000.0,285000.0,0.0,535000.0,16378,ESCOLA CLASSE 312 NORTE,Em Análise SERP,0.0,,0.0,SECRETARIA DE ESTADO DE  EDUCAÇÃO DO DISTRITO FEDE
188.01,Wellington Luiz,27101-SETUR,23.695.6207.9085.0108,APOIO A REALIZACAO DE PROJETOS TURISTICOS,335041,750000,Ativo,350000.0,350000.0,0.0,200000.0,14065,PROJETO DRIFT FOR U INVITED.,Desbloqueado,200000.0,2025-03-21,0.0,SECRETARIA DE ESTADO DE TURISMO DO DISTRITO FEDERA
188.01,Wellington Luiz,27101-SETUR,23.695.6207.9085.0108,APOIO A REALIZACAO DE PROJETOS TURISTICOS,335041,750000,Ativo,350000.0,350000.0,0.0,200000.0,14409,"PROJETO SEMINÁRIO INTERNACIONAL DE INTEGRAÇÃO TURÍSTICA, CULTURAL E PEDAGÓGICA, DA UNIPOP NO DF.",Desbloqueado,200000.0,2025-04-04,0.0,SECRETARIA DE ESTADO DE TURISMO DO DISTRITO FEDERA
188.01,Wellington Luiz,27101-SETUR,23.695.6207.9085.0108,APOIO A REALIZACAO DE PROJETOS TURISTICOS,335041,750000,Ativo,350000.0,350000.0,0.0,200000.0,14410,PROJETO SAMBOLA DE FUTEBOL DE BASE.,Anulado,0.0,,0.0,SECRETARIA DE ESTADO DE TURISMO DO DISTRITO FEDERA
188.01,Wellington Luiz,27101-SETUR,23.695.6207.9085.0108,APOIO A REALIZACAO DE PROJETOS TURISTICOS,335041,750000,Ativo,350000.0,350000.0,0.0,200000.0,14411,PROJETO SAMBOLA DE FUTEBOL DE BASE.,Anulado,0.0,,0.0,SECRETARIA DE ESTADO DE TURISMO DO DISTRITO FEDERA
188.01,Wellington Luiz,27101-SETUR,23.695.6207.9085.0108,APOIO A REALIZACAO DE PROJETOS TURISTICOS,335041,750000,Ativo,350000.0,350000.0,0.0,200000.0,14593,"25ª FEICOTUR - FEIRA DA INDUSTRIA, COMERCIO E TURISMO.",Desbloqueado,100000.0,2025-04-08,100000.0,SECRETARIA DE ESTADO DE TURISMO DO DISTRITO FEDERA
188.01,Wellington Luiz,27101-SETUR,23.695.6207.9085.0108,APOIO A REALIZACAO DE PROJETOS TURISTICOS,335041,750000,Ativo,350000.0,350000.0,0.0,200000.0,15793,CAPITAL MOTO WEEK,Desbloqueado,250000.0,2025-06-13,250000.0,SECRETARIA DE ESTADO DE TURISMO DO DISTRITO FEDERA
188.01,Wellington Luiz,27101-SETUR,23.695.6207.9085.0108,APOIO A REALIZACAO DE PROJETOS TURISTICOS,335041,750000,Ativo,350000.0,350000.0,0.0,200000.0,16330,IATE IN CONCERT - 2025,Desbloqueado,200000.0,2025-07-07,0.0,SECRETARIA DE ESTADO DE TURISMO DO DISTRITO FEDERA
188.01,Wellington Luiz,27101-SETUR,23.695.6207.9085.0108,APOIO A REALIZACAO DE PROJETOS TURISTICOS,335041,750000,Ativo,350000.0,350000.0,0.0,200000.0,16612,IATE IN CONCERT - 2025,Desbloqueado,200000.0,2025-07-23,200000.0,SECRETARIA DE ESTADO DE TURISMO DO DISTRITO FEDERA
188.01,Wellington Luiz,27101-SETUR,23.695.6207.9085.0108,APOIO A REALIZACAO DE PROJETOS TURISTICOS,335041,750000,Ativo,350000.0,350000.0,0.0,200000.0,17722,CAMPEONATO NACIONAL DE AIRSOFT OPEN CASCAVEL.,Em Análise SERP,0.0,,0.0,SECRETARIA DE ESTADO DE TURISMO DO DISTRITO FEDERA
188.01,Wellington Luiz,27101-SETUR,23.695.6207.9085.0108,APOIO A REALIZACAO DE PROJETOS TURISTICOS,335041,0,Ativo,200000.0,200000.0,0.0,0.0,14065,PROJETO DRIFT FOR U INVITED.,Desbloqueado,200000.0,2025-03-21,0.0,SECRETARIA DE ESTADO DE TURISMO DO DISTRITO FEDERA
188.01,Wellington Luiz,27101-SETUR,23.695.6207.9085.0108,APOIO A REALIZACAO DE PROJETOS TURISTICOS,335041,0,Ativo,200000.0,200000.0,0.0,0.0,14409,"PROJETO SEMINÁRIO INTERNACIONAL DE INTEGRAÇÃO TURÍSTICA, CULTURAL E PEDAGÓGICA, DA UNIPOP NO DF.",Desbloqueado,200000.0,2025-04-04,0.0,SECRETARIA DE ESTADO DE TURISMO DO DISTRITO FEDERA
188.01,Wellington Luiz,27101-SETUR,23.695.6207.9085.0108,APOIO A REALIZACAO DE PROJETOS TURISTICOS,335041,0,Ativo,200000.0,200000.0,0.0,0.0,14410,PROJETO SAMBOLA DE FUTEBOL DE BASE.,Anulado,0.0,,0.0,SECRETARIA DE ESTADO DE TURISMO DO DISTRITO FEDERA
188.01,Wellington Luiz,27101-SETUR,23.695.6207.9085.0108,APOIO A REALIZACAO DE PROJETOS TURISTICOS,335041,0,Ativo,200000.0,200000.0,0.0,0.0,14411,PROJETO SAMBOLA DE FUTEBOL DE BASE.,Anulado,0.0,,0.0,SECRETARIA DE ESTADO DE TURISMO DO DISTRITO FEDERA
188.01,Wellington Luiz,27101-SETUR,23.695.6207.9085.0108,APOIO A REALIZACAO DE PROJETOS TURISTICOS,335041,0,Ativo,200000.0,200000.0,0.0,0.0,14593,"25ª FEICOTUR - FEIRA DA INDUSTRIA, COMERCIO E TURISMO.",Desbloqueado,100000.0,2025-04-08,100000.0,SECRETARIA DE ESTADO DE TURISMO DO DISTRITO FEDERA
188.01,Wellington Luiz,27101-SETUR,23.695.6207.9085.0108,APOIO A REALIZACAO DE PROJETOS TURISTICOS,335041,0,Ativo,200000.0,200000.0,0.0,0.0,15793,CAPITAL MOTO WEEK,Desbloqueado,250000.0,2025-06-13,250000.0,SECRETARIA DE ESTADO DE TURISMO DO DISTRITO FEDERA
188.01,Wellington Luiz,27101-SETUR,23.695.6207.9085.0108,APOIO A REALIZACAO DE PROJETOS TURISTICOS,335041,0,Ativo,200000.0,200000.0,0.0,0.0,16330,IATE IN CONCERT - 2025,Desbloqueado,200000.0,2025-07-07,0.0,SECRETARIA DE ESTADO DE TURISMO DO DISTRITO FEDERA
188.01,Wellington Luiz,27101-SETUR,23.695.6207.9085.0108,APOIO A REALIZACAO DE PROJETOS TURISTICOS,335041,0,Ativo,200000.0,200000.0,0.0,0.0,16612,IATE IN CONCERT - 2025,Desbloqueado,200000.0,2025-07-23,200000.0,SECRETARIA DE ESTADO DE TURISMO DO DISTRITO FEDERA
188.01,Wellington Luiz,27101-SETUR,23.695.6207.9085.0108,APOIO A REALIZACAO DE PROJETOS TURISTICOS,335041,0,Ativo,200000.0,200000.0,0.0,0.0,17722,CAMPEONATO NACIONAL DE AIRSOFT OPEN CASCAVEL.,Em Análise SERP,0.0,,0.0,SECRETARIA DE ESTADO DE TURISMO DO DISTRITO FEDERA
188.02,Wellington Luiz,18101-SEE,12.363.6221.9107.0409,PROGRAMA DE VALORIZAC?O DA FORMAC?O TECNICA PROFISSIONAL 2025,335043,1000000,Ativo,991477.8137931,991477.8137931,8522.1862069,0.0,13647,"“PROGRAMA DE VALORIZAÇÃO DA FORMAÇÃO TÉCNICA PROFISSIONAL 2025"".",Desbloqueado,1000000.0,2025-03-14,1000000.0,SECRETARIA DE ESTADO DE  EDUCAÇÃO DO DISTRITO FEDE
189.01,Wellington Luiz,22201-NOVACAP,15.451.6209.1110.8194,APOIO A REALIZACAO DE OBRAS E REFORMAS,449051,0,Ativo,0.0,0.0,0.0,0.0,17338,"MANUTENÇÃO DO PARQUE MARIA CLÁUDIA
 DEL´ISOLA (112/113 SUL).",Desbloqueado,285000.0,2025-10-10,285000.0,COMPANHIA URBANIZADORA DA NOVA CAPITAL
189.01,Wellington Luiz,22201-NOVACAP,15.451.6209.1110.8194,APOIO A REALIZACAO DE OBRAS E REFORMAS,449051,0,Ativo,0.0,0.0,0.0,0.0,17553,"MANUTENÇÃO DO PARQUE MARIA CLÁUDIA
DEL´ISOLA (112/113 SUL).",Em Análise SERP,0.0,,0.0,COMPANHIA URBANIZADORA DA NOVA CAPITAL
189.01,Wellington Luiz,22201-NOVACAP,15.451.6209.1110.8194,APOIO A REALIZACAO DE OBRAS E REFORMAS,339039,585000,Ativo,285000.0,0.0,0.0,300000.0,17338,"MANUTENÇÃO DO PARQUE MARIA CLÁUDIA
 DEL´ISOLA (112/113 SUL).",Desbloqueado,285000.0,2025-10-10,285000.0,COMPANHIA URBANIZADORA DA NOVA CAPITAL
189.01,Wellington Luiz,22201-NOVACAP,15.451.6209.1110.8194,APOIO A REALIZACAO DE OBRAS E REFORMAS,339039,585000,Ativo,285000.0,0.0,0.0,300000.0,17553,"MANUTENÇÃO DO PARQUE MARIA CLÁUDIA
DEL´ISOLA (112/113 SUL).",Em Análise SERP,0.0,,0.0,COMPANHIA URBANIZADORA DA NOVA CAPITAL
190.01,Wellington Luiz,24105-PCDF,06.181.6217.3029.9547,APOIO A MODERNIZAC?O E REEQUIPAMENTOS DAS UNIDADES DE SEGURANCA PUBLICA,449052,1000000,Ativo,915838.0,0.0,84162.0,0.0,13577,APOIO  MODERNIZAÇÃO E REEQUIPAMENTO DAS UNIDADES DE SEGURANÇA PUBLICA.,Anulado,0.0,,0.0,POLÍCIA CIVIL DO DISTRITO FEDERAL
190.01,Wellington Luiz,24105-PCDF,06.181.6217.3029.9547,APOIO A MODERNIZAC?O E REEQUIPAMENTOS DAS UNIDADES DE SEGURANCA PUBLICA,449052,1000000,Ativo,915838.0,0.0,84162.0,0.0,13599,MODERNIZAÇÃO E REEQUIPAMENTO DA PCDF.,Desbloqueado,1000000.0,2025-02-21,1000000.0,POLÍCIA CIVIL DO DISTRITO FEDERAL
191.01,Wellington Luiz,24105-PCDF,06.181.6217.3097.5829,APOIO A CONSTRUC?O DE UNIDADES POLICIAIS E DELEGACIAS,449051,2000000,Ativo,0.0,0.0,0.0,2000000.0,13600,CONSTRUÇÃO DE UNIDADES POLICIAIS E DELEGACIAS DA PCDF.,Em Análise SERP,0.0,,0.0,POLÍCIA CIVIL DO DISTRITO FEDERAL
191.01,Wellington Luiz,24105-PCDF,06.181.6217.3097.5829,APOIO A CONSTRUC?O DE UNIDADES POLICIAIS E DELEGACIAS,449051,2000000,Ativo,0.0,0.0,0.0,2000000.0,13580,CONSTRUÇÃO DE UNIDADES POLICIAIS E DELEGACIAS DA PCDF.,Anulado,0.0,,0.0,POLÍCIA CIVIL DO DISTRITO FEDERAL
192.01,Wellington Luiz,24105-PCDF,06.181.6217.3098.0012,APOIO A REFORMA DE UNIDADES POLICIAIS E DELEGACIAS,339039,0,Ativo,0.0,0.0,0.0,0.0,13602,REFORMA DE UNIDADES POLICIAIS E DELEGACIAS.,Desbloqueado,2000000.0,2025-05-09,2000000.0,POLÍCIA CIVIL DO DISTRITO FEDERAL
192.01,Wellington Luiz,24105-PCDF,06.181.6217.3098.0012,APOIO A REFORMA DE UNIDADES POLICIAIS E DELEGACIAS,449051,2000000,Ativo,2000000.0,1930277.4,0.0,0.0,13602,REFORMA DE UNIDADES POLICIAIS E DELEGACIAS.,Desbloqueado,2000000.0,2025-05-09,2000000.0,POLÍCIA CIVIL DO DISTRITO FEDERAL
193.01,Wellington Luiz,17902-FAS,08.244.6228.9073.0039,APOIO A REALIZACAO DE PROJETOS DE ASSISTENCIA SOCIAL,335043,1500000,Ativo,1500000.0,500000.0,0.0,0.0,13767,PROJETO “VIDAS EM FOCO” .,Anulado,0.0,,0.0,FUNDO DE ASSISTÊNCIA SOCIAL DO DISTRITO FEDERAL
193.01,Wellington Luiz,17902-FAS,08.244.6228.9073.0039,APOIO A REALIZACAO DE PROJETOS DE ASSISTENCIA SOCIAL,335043,1500000,Ativo,1500000.0,500000.0,0.0,0.0,14298,PROJETO “VIDAS EM FOCO”.,Anulado,0.0,,0.0,FUNDO DE ASSISTÊNCIA SOCIAL DO DISTRITO FEDERAL
193.01,Wellington Luiz,17902-FAS,08.244.6228.9073.0039,APOIO A REALIZACAO DE PROJETOS DE ASSISTENCIA SOCIAL,335043,1500000,Ativo,1500000.0,500000.0,0.0,0.0,14299,PROJETO “VIDAS EM FOCO”.,Desbloqueado,1500000.0,2025-04-04,1500000.0,FUNDO DE ASSISTÊNCIA SOCIAL DO DISTRITO FEDERAL
193.01,Wellington Luiz,17902-FAS,08.244.6228.9073.0039,APOIO A REALIZACAO DE PROJETOS DE ASSISTENCIA SOCIAL,335043,1500000,Ativo,1500000.0,500000.0,0.0,0.0,15806,"PROJETO ""INCLUSÃO SOBRE RODAS"".",Anulado,0.0,,0.0,FUNDO DE ASSISTÊNCIA SOCIAL DO DISTRITO FEDERAL
208.01,Wellington Luiz,64101-SEAPE,06.422.6217.2726.0008,"APOIO A MODERNIZAC?O DA INFRAESTRUTURA, SERVICOS E EQUIPAMENTOS DO SISTEMA PRISIONAL",449052,1000000,Ativo,993824.69,0.0,6175.31,0.0,13550,AQUISIÇÃO DE CFTV PARA INSTALAÇÃO NO CPP E PFDF.  AQUISIÇÃO DE VIATURAS POLICIAIS.,Desbloqueado,2000000.0,2025-02-21,2000000.0,SECRETARIA DE ESTADO ADMINISTRAÇÃO PENITENCIÁRIA D
212.01,Wellington Luiz,64101-SEAPE,06.421.6217.2727.0007,APOIO A PARTICIPACAO DE ATLETAS DA POLICIA PENAL WPFG/2025,339014,500000,Ativo,500000.0,500000.0,0.0,0.0,13551,"PARTICIPAÇÃO DE POLICIAIS
PENAIS EM EVENTOS ESPORTIVOS (WORLD POLICE & FIRE GAMES 2025).",Desbloqueado,500000.0,2025-03-14,500000.0,SECRETARIA DE ESTADO ADMINISTRAÇÃO PENITENCIÁRIA D
220.01,Wellington Luiz,57101-SMDF,14.422.6211.9107.0455,APOIO A REALIZACAO DE PROJETOS PARA MULHERES,335041,1400000,Ativo,575703.19,321998.24,24296.81,800000.0,13542,EXECUCÃO DO PROJETO FLOR DE MAIO.,Desbloqueado,300000.0,2025-02-21,0.0,SECRETARIA DE ESTADO DA MULHER DO DISTRITO FEDERAL
220.01,Wellington Luiz,57101-SMDF,14.422.6211.9107.0455,APOIO A REALIZACAO DE PROJETOS PARA MULHERES,335041,1400000,Ativo,575703.19,321998.24,24296.81,800000.0,13822,PROJETO “MULHERES SEGURAS – 6ª EDIÇÃO”.,Desbloqueado,100000.0,2025-05-07,0.0,SECRETARIA DE ESTADO DA MULHER DO DISTRITO FEDERAL
220.01,Wellington Luiz,57101-SMDF,14.422.6211.9107.0455,APOIO A REALIZACAO DE PROJETOS PARA MULHERES,335041,1400000,Ativo,575703.19,321998.24,24296.81,800000.0,13824,PROJETO “ARTE PELA VIDA 2025”.,Desbloqueado,100000.0,2025-05-07,0.0,SECRETARIA DE ESTADO DA MULHER DO DISTRITO FEDERAL
220.01,Wellington Luiz,57101-SMDF,14.422.6211.9107.0455,APOIO A REALIZACAO DE PROJETOS PARA MULHERES,335041,1400000,Ativo,575703.19,321998.24,24296.81,800000.0,14361,"PROJETO MULHER 60+""AINDA ESTOU AQUI - ESCUTA QUALIFICADA.""",Desbloqueado,200000.0,2025-07-07,200000.0,SECRETARIA DE ESTADO DA MULHER DO DISTRITO FEDERAL
220.01,Wellington Luiz,57101-SMDF,14.422.6211.9107.0455,APOIO A REALIZACAO DE PROJETOS PARA MULHERES,335041,1400000,Ativo,575703.19,321998.24,24296.81,800000.0,14625,MULHERES SEGURAS - 6º EDIÇÃO,Desbloqueado,100000.0,2025-05-07,0.0,SECRETARIA DE ESTADO DA MULHER DO DISTRITO FEDERAL
220.01,Wellington Luiz,57101-SMDF,14.422.6211.9107.0455,APOIO A REALIZACAO DE PROJETOS PARA MULHERES,335041,1400000,Ativo,575703.19,321998.24,24296.81,800000.0,14652,"PROJETO ""MULHER, NÃO SE CALE"".",Anulado,0.0,,0.0,SECRETARIA DE ESTADO DA MULHER DO DISTRITO FEDERAL
220.01,Wellington Luiz,57101-SMDF,14.422.6211.9107.0455,APOIO A REALIZACAO DE PROJETOS PARA MULHERES,335041,1400000,Ativo,575703.19,321998.24,24296.81,800000.0,15182,PROJETO HOMENS DE HONRA NAS ESCOLAS E PROJETO NUIAM’S.,Anulado,0.0,,0.0,SECRETARIA DE ESTADO DA MULHER DO DISTRITO FEDERAL
220.01,Wellington Luiz,57101-SMDF,14.422.6211.9107.0455,APOIO A REALIZACAO DE PROJETOS PARA MULHERES,335041,1400000,Ativo,575703.19,321998.24,24296.81,800000.0,15232,"PROJETO “HOMENS DE HONRA
NAS ESCOLAS”.",Anulado,0.0,,0.0,SECRETARIA DE ESTADO DA MULHER DO DISTRITO FEDERAL
220.01,Wellington Luiz,57101-SMDF,14.422.6211.9107.0455,APOIO A REALIZACAO DE PROJETOS PARA MULHERES,335041,1400000,Ativo,575703.19,321998.24,24296.81,800000.0,15233,"PROJETO “NÚCLEOS INTEGRADOS
DE ATENDIMENTO À MULHER - NUIAM'S”.",Anulado,0.0,,0.0,SECRETARIA DE ESTADO DA MULHER DO DISTRITO FEDERAL
220.01,Wellington Luiz,57101-SMDF,14.422.6211.9107.0455,APOIO A REALIZACAO DE PROJETOS PARA MULHERES,335041,1400000,Ativo,575703.19,321998.24,24296.81,800000.0,15457,"PROJETO ""ELAS""",Desbloqueado,200000.0,2025-09-12,0.0,SECRETARIA DE ESTADO DA MULHER DO DISTRITO FEDERAL
220.01,Wellington Luiz,57101-SMDF,14.422.6211.9107.0455,APOIO A REALIZACAO DE PROJETOS PARA MULHERES,335041,1400000,Ativo,575703.19,321998.24,24296.81,800000.0,15470,"""PROJETO HOMENS DE HONRA NAS ESCOLAS"".",Desbloqueado,100000.0,2025-07-07,0.0,SECRETARIA DE ESTADO DA MULHER DO DISTRITO FEDERAL
220.01,Wellington Luiz,57101-SMDF,14.422.6211.9107.0455,APOIO A REALIZACAO DE PROJETOS PARA MULHERES,335041,1400000,Ativo,575703.19,321998.24,24296.81,800000.0,15471,“NÚCLEOS INTEGRADOS DE ATENDIMENTO À MULHER - NUIAM'S”.,Desbloqueado,100000.0,2025-07-25,0.0,SECRETARIA DE ESTADO DA MULHER DO DISTRITO FEDERAL
220.01,Wellington Luiz,57101-SMDF,14.422.6211.9107.0455,APOIO A REALIZACAO DE PROJETOS PARA MULHERES,335041,1400000,Ativo,575703.19,321998.24,24296.81,800000.0,15474,"""PROJETO ""MULHER, NÃO SE CALE""",Desbloqueado,200000.0,2025-07-07,200000.0,SECRETARIA DE ESTADO DA MULHER DO DISTRITO FEDERAL
220.01,Wellington Luiz,57101-SMDF,14.422.6211.9107.0455,APOIO A REALIZACAO DE PROJETOS PARA MULHERES,335041,1400000,Ativo,575703.19,321998.24,24296.81,800000.0,16047,"PROJETO ""MULHER, NÃO SE CALE"".",Desbloqueado,200000.0,2025-07-07,200000.0,SECRETARIA DE ESTADO DA MULHER DO DISTRITO FEDERAL
220.01,Wellington Luiz,57101-SMDF,14.422.6211.9107.0455,APOIO A REALIZACAO DE PROJETOS PARA MULHERES,335041,1400000,Ativo,575703.19,321998.24,24296.81,800000.0,16455,PROJETO CORRIDA DE RUA “ENCONTRO DELAS 2025”.,Desbloqueado,100000.0,2025-08-08,0.0,SECRETARIA DE ESTADO DA MULHER DO DISTRITO FEDERAL
221.01,Wellington Luiz,28209-CODHAB,15.127.6208.4011.0027,APOIO A REGULARIZAÇÃO DE ÁREAS DE INTERESSE SOCIAL,339039,3500000,Ativo,3500000.0,3275251.88,0.0,0.0,13648,“CARRETA DA REGULARIZAÇÃO”.,Desbloqueado,3500000.0,2025-03-21,3500000.0,COMPANHIA DE DESENVOLVIMENTO HABITACIONAL DO DISTR
227.01,Wellington Luiz,34101-SEL,27.812.6206.9080.0256,APOIO A REALIZAC?O DE PROJETOS ESPORTIVOS,335041,1531000,Ativo,490980.95,140980.95,700019.05,340000.0,13576,"“ESPORTE PARA TODOS.""",Desbloqueado,350000.0,2025-05-16,350000.0,SECRETARIA DE ESTADO DO ESPORTE E LAZER DO DISTRIT
227.01,Wellington Luiz,34101-SEL,27.812.6206.9080.0256,APOIO A REALIZAC?O DE PROJETOS ESPORTIVOS,335041,1531000,Ativo,490980.95,140980.95,700019.05,340000.0,13863,"PROJETO "" INSTITUTO AJUDAR NÃO DÓI "".",Anulado,0.0,,0.0,SECRETARIA DE ESTADO DO ESPORTE E LAZER DO DISTRIT
227.01,Wellington Luiz,34101-SEL,27.812.6206.9080.0256,APOIO A REALIZAC?O DE PROJETOS ESPORTIVOS,335041,1531000,Ativo,490980.95,140980.95,700019.05,340000.0,13894,"PROJETO "" INSTITUTO AJUDAR NÃO DÓI"".",Em Análise SERP,0.0,,0.0,SECRETARIA DE ESTADO DO ESPORTE E LAZER DO DISTRIT
227.01,Wellington Luiz,34101-SEL,27.812.6206.9080.0256,APOIO A REALIZAC?O DE PROJETOS ESPORTIVOS,335041,1531000,Ativo,490980.95,140980.95,700019.05,340000.0,15191,INSTITUTO CRIANÇA SANTA MARIA,Desbloqueado,141000.0,2025-05-23,141000.0,SECRETARIA DE ESTADO DO ESPORTE E LAZER DO DISTRIT
227.01,Wellington Luiz,34101-SEL,27.812.6206.9080.0256,APOIO A REALIZAC?O DE PROJETOS ESPORTIVOS,335041,1531000,Ativo,490980.95,140980.95,700019.05,340000.0,15205,"CAMPEONATO ESPORTIVO DE JIU-JITSU ""CENTRO-OESTE BRASILEIRO""",Desbloqueado,150000.0,2025-05-23,150000.0,SECRETARIA DE ESTADO DO ESPORTE E LAZER DO DISTRIT
227.01,Wellington Luiz,34101-SEL,27.812.6206.9080.0256,APOIO A REALIZAC?O DE PROJETOS ESPORTIVOS,335041,1531000,Ativo,490980.95,140980.95,700019.05,340000.0,15771,PROJETO “BRASÍLIA OPEN DE FUTEVÔLEI”.,Desbloqueado,75000.0,2025-06-13,75000.0,SECRETARIA DE ESTADO DO ESPORTE E LAZER DO DISTRIT
227.01,Wellington Luiz,34101-SEL,27.812.6206.9080.0256,APOIO A REALIZAC?O DE PROJETOS ESPORTIVOS,335041,1531000,Ativo,490980.95,140980.95,700019.05,340000.0,15825,TORNEIO 2º TAÇA RENNAN SALGADO - 2025 DE FLAG FOOTBALL,Desbloqueado,100000.0,2025-10-17,0.0,SECRETARIA DE ESTADO DO ESPORTE E LAZER DO DISTRIT
227.01,Wellington Luiz,34101-SEL,27.812.6206.9080.0256,APOIO A REALIZAC?O DE PROJETOS ESPORTIVOS,335041,1531000,Ativo,490980.95,140980.95,700019.05,340000.0,16389,APOIO AO ESPORTE DA ARUC.,Anulado,0.0,,0.0,SECRETARIA DE ESTADO DO ESPORTE E LAZER DO DISTRIT
227.01,Wellington Luiz,34101-SEL,27.812.6206.9080.0256,APOIO A REALIZAC?O DE PROJETOS ESPORTIVOS,335041,1531000,Ativo,490980.95,140980.95,700019.05,340000.0,16390,APOIO AO ESPORTE DA ARUC.,Desbloqueado,150000.0,2025-07-11,150000.0,SECRETARIA DE ESTADO DO ESPORTE E LAZER DO DISTRIT
227.01,Wellington Luiz,34101-SEL,27.812.6206.9080.0256,APOIO A REALIZAC?O DE PROJETOS ESPORTIVOS,335041,1531000,Ativo,490980.95,140980.95,700019.05,340000.0,16441,"PROJETO ""ESPORTE SUSTENTÁVEL NAS ESCOLAS""",Desbloqueado,75000.0,2025-08-29,75000.0,SECRETARIA DE ESTADO DO ESPORTE E LAZER DO DISTRIT
227.01,Wellington Luiz,34101-SEL,27.812.6206.9080.0256,APOIO A REALIZAC?O DE PROJETOS ESPORTIVOS,335041,1531000,Ativo,490980.95,140980.95,700019.05,340000.0,16442,PROJETO DRIFT FOR U INVITED.,Desbloqueado,200000.0,2025-08-29,200000.0,SECRETARIA DE ESTADO DO ESPORTE E LAZER DO DISTRIT
227.01,Wellington Luiz,34101-SEL,27.812.6206.9080.0256,APOIO A REALIZAC?O DE PROJETOS ESPORTIVOS,335041,1531000,Ativo,490980.95,140980.95,700019.05,340000.0,16534,PROJETO SAMBOLA DE FUTEBOL DE BASE .,Em Análise SERP,0.0,,0.0,SECRETARIA DE ESTADO DO ESPORTE E LAZER DO DISTRIT
227.01,Wellington Luiz,34101-SEL,27.812.6206.9080.0256,APOIO A REALIZAC?O DE PROJETOS ESPORTIVOS,335041,1531000,Ativo,490980.95,140980.95,700019.05,340000.0,17237,PROJETO 2ª EDIÇÃO DA CORRIDA DO SERVIDOR (2025).,Desbloqueado,50000.0,2025-09-26,50000.0,SECRETARIA DE ESTADO DO ESPORTE E LAZER DO DISTRIT
1092.01,Wellington Luiz,14203-EMATER,20.122.8201.2396.0124,CONSERVAÇÃO DAS ESTRUTURAS FÍSICAS DE EDIFICAÇÕES PÚBLICAS- DA EMATER-DISTRITO FEDERAL,339039,400000,Ativo,0.0,0.0,400000.0,0.0,15188,CONSERVAÇÃO DAS ESTRUTURAS FÍSICAS DE EDIFICAÇÕES PÚBLICAS-EMATER- DF ENTORNO.,Desbloqueado,400000.0,2025-05-16,400000.0,EMPRESA DE ASSISTÊNCIA TÉCNICA E EXTENSÃO RURAL DO
1097.01,Wellington Luiz,16101-SECEC,13.392.6219.9075.0010,TRANSFERÊNCIA DE RECURSOS PARA PROJETOS CULTURAIS - APOIO A REALIZACAO DE PROJETOS CULTURAIS - DISTRITO FEDERAL,335043,530000,Ativo,80000.0,80000.0,367807.16,0.0,15194,“NOSSA TADIÇÃO NAS ESCOLAS”,Desbloqueado,80000.0,2025-05-23,0.0,SECRETARIA DE ESTADO DE CULTURA E ECONOMIA CRIATIV
1097.01,Wellington Luiz,16101-SECEC,13.392.6219.9075.0010,TRANSFERÊNCIA DE RECURSOS PARA PROJETOS CULTURAIS - APOIO A REALIZACAO DE PROJETOS CULTURAIS - DISTRITO FEDERAL,335043,530000,Ativo,80000.0,80000.0,367807.16,0.0,15239,PROJETO O MENINO DOS BRINQUEDOS.,Anulado,0.0,,0.0,SECRETARIA DE ESTADO DE CULTURA E ECONOMIA CRIATIV
1097.01,Wellington Luiz,16101-SECEC,13.392.6219.9075.0010,TRANSFERÊNCIA DE RECURSOS PARA PROJETOS CULTURAIS - APOIO A REALIZACAO DE PROJETOS CULTURAIS - DISTRITO FEDERAL,335043,530000,Ativo,80000.0,80000.0,367807.16,0.0,15556,PROJETO O MENINO DOS BRINQUEDOS.,Anulado,0.0,,0.0,SECRETARIA DE ESTADO DE CULTURA E ECONOMIA CRIATIV
1097.01,Wellington Luiz,16101-SECEC,13.392.6219.9075.0010,TRANSFERÊNCIA DE RECURSOS PARA PROJETOS CULTURAIS - APOIO A REALIZACAO DE PROJETOS CULTURAIS - DISTRITO FEDERAL,335043,530000,Ativo,80000.0,80000.0,367807.16,0.0,15768,PROJETO 6ª EDIÇÃO DO GRAN FONDO BRASÍLIA.,Desbloqueado,150000.0,2025-06-04,150000.0,SECRETARIA DE ESTADO DE CULTURA E ECONOMIA CRIATIV
1097.01,Wellington Luiz,16101-SECEC,13.392.6219.9075.0010,TRANSFERÊNCIA DE RECURSOS PARA PROJETOS CULTURAIS - APOIO A REALIZACAO DE PROJETOS CULTURAIS - DISTRITO FEDERAL,335043,530000,Ativo,80000.0,80000.0,367807.16,0.0,15785,PROJETO “BRASÍLIA OPEN DE VÔLEI DE PRAIA”.,Desbloqueado,100000.0,2025-06-13,100000.0,SECRETARIA DE ESTADO DE CULTURA E ECONOMIA CRIATIV
1097.01,Wellington Luiz,16101-SECEC,13.392.6219.9075.0010,TRANSFERÊNCIA DE RECURSOS PARA PROJETOS CULTURAIS - APOIO A REALIZACAO DE PROJETOS CULTURAIS - DISTRITO FEDERAL,335043,530000,Ativo,80000.0,80000.0,367807.16,0.0,16031,PROJETO  “NOSSA TADIÇÃO NAS ESCOLAS”,Desbloqueado,80000.0,2025-06-06,80000.0,SECRETARIA DE ESTADO DE CULTURA E ECONOMIA CRIATIV
1097.01,Wellington Luiz,16101-SECEC,13.392.6219.9075.0010,TRANSFERÊNCIA DE RECURSOS PARA PROJETOS CULTURAIS - APOIO A REALIZACAO DE PROJETOS CULTURAIS - DISTRITO FEDERAL,335043,530000,Ativo,80000.0,80000.0,367807.16,0.0,16130,"PROJETO ""O MENINO DOS BRINQUEDOS""",Anulado,0.0,,0.0,SECRETARIA DE ESTADO DE CULTURA E ECONOMIA CRIATIV
1097.01,Wellington Luiz,16101-SECEC,13.392.6219.9075.0010,TRANSFERÊNCIA DE RECURSOS PARA PROJETOS CULTURAIS - APOIO A REALIZACAO DE PROJETOS CULTURAIS - DISTRITO FEDERAL,335043,530000,Ativo,80000.0,80000.0,367807.16,0.0,16451,“POR DO SOL NO PARQUE”.,Anulado,0.0,,0.0,SECRETARIA DE ESTADO DE CULTURA E ECONOMIA CRIATIV
1097.01,Wellington Luiz,16101-SECEC,13.392.6219.9075.0010,TRANSFERÊNCIA DE RECURSOS PARA PROJETOS CULTURAIS - APOIO A REALIZACAO DE PROJETOS CULTURAIS - DISTRITO FEDERAL,335043,530000,Ativo,80000.0,80000.0,367807.16,0.0,16549,"PROJETO ""O MENINO DOS BRINQUEDOS""",Desbloqueado,100000.0,2025-09-12,100000.0,SECRETARIA DE ESTADO DE CULTURA E ECONOMIA CRIATIV
1097.01,Wellington Luiz,16101-SECEC,13.392.6219.9075.0010,TRANSFERÊNCIA DE RECURSOS PARA PROJETOS CULTURAIS - APOIO A REALIZACAO DE PROJETOS CULTURAIS - DISTRITO FEDERAL,335043,530000,Ativo,80000.0,80000.0,367807.16,0.0,17466,OFÍCIO 002/2025,Anulado,0.0,,0.0,SECRETARIA DE ESTADO DE CULTURA E ECONOMIA CRIATIV
1097.01,Wellington Luiz,16101-SECEC,13.392.6219.9075.0010,TRANSFERÊNCIA DE RECURSOS PARA PROJETOS CULTURAIS - APOIO A REALIZACAO DE PROJETOS CULTURAIS - DISTRITO FEDERAL,335043,530000,Ativo,80000.0,80000.0,367807.16,0.0,17467,POR DO SOL NO PARQUE,Anulado,0.0,,0.0,SECRETARIA DE ESTADO DE CULTURA E ECONOMIA CRIATIV
1097.01,Wellington Luiz,16101-SECEC,13.392.6219.9075.0010,TRANSFERÊNCIA DE RECURSOS PARA PROJETOS CULTURAIS - APOIO A REALIZACAO DE PROJETOS CULTURAIS - DISTRITO FEDERAL,335043,530000,Ativo,80000.0,80000.0,367807.16,0.0,17468,POR DO SOL NO PARQUE,Desbloqueado,100000.0,2025-10-17,100000.0,SECRETARIA DE ESTADO DE CULTURA E ECONOMIA CRIATIV
1097.01,Wellington Luiz,16101-SECEC,13.392.6219.9075.0010,TRANSFERÊNCIA DE RECURSOS PARA PROJETOS CULTURAIS - APOIO A REALIZACAO DE PROJETOS CULTURAIS - DISTRITO FEDERAL,335043,0,Ativo,0.0,0.0,0.0,0.0,15194,“NOSSA TADIÇÃO NAS ESCOLAS”,Desbloqueado,80000.0,2025-05-23,0.0,SECRETARIA DE ESTADO DE CULTURA E ECONOMIA CRIATIV
1097.01,Wellington Luiz,16101-SECEC,13.392.6219.9075.0010,TRANSFERÊNCIA DE RECURSOS PARA PROJETOS CULTURAIS - APOIO A REALIZACAO DE PROJETOS CULTURAIS - DISTRITO FEDERAL,335043,0,Ativo,0.0,0.0,0.0,0.0,15239,PROJETO O MENINO DOS BRINQUEDOS.,Anulado,0.0,,0.0,SECRETARIA DE ESTADO DE CULTURA E ECONOMIA CRIATIV
1097.01,Wellington Luiz,16101-SECEC,13.392.6219.9075.0010,TRANSFERÊNCIA DE RECURSOS PARA PROJETOS CULTURAIS - APOIO A REALIZACAO DE PROJETOS CULTURAIS - DISTRITO FEDERAL,335043,0,Ativo,0.0,0.0,0.0,0.0,15556,PROJETO O MENINO DOS BRINQUEDOS.,Anulado,0.0,,0.0,SECRETARIA DE ESTADO DE CULTURA E ECONOMIA CRIATIV
1097.01,Wellington Luiz,16101-SECEC,13.392.6219.9075.0010,TRANSFERÊNCIA DE RECURSOS PARA PROJETOS CULTURAIS - APOIO A REALIZACAO DE PROJETOS CULTURAIS - DISTRITO FEDERAL,335043,0,Ativo,0.0,0.0,0.0,0.0,15768,PROJETO 6ª EDIÇÃO DO GRAN FONDO BRASÍLIA.,Desbloqueado,150000.0,2025-06-04,150000.0,SECRETARIA DE ESTADO DE CULTURA E ECONOMIA CRIATIV
1097.01,Wellington Luiz,16101-SECEC,13.392.6219.9075.0010,TRANSFERÊNCIA DE RECURSOS PARA PROJETOS CULTURAIS - APOIO A REALIZACAO DE PROJETOS CULTURAIS - DISTRITO FEDERAL,335043,0,Ativo,0.0,0.0,0.0,0.0,15785,PROJETO “BRASÍLIA OPEN DE VÔLEI DE PRAIA”.,Desbloqueado,100000.0,2025-06-13,100000.0,SECRETARIA DE ESTADO DE CULTURA E ECONOMIA CRIATIV
1097.01,Wellington Luiz,16101-SECEC,13.392.6219.9075.0010,TRANSFERÊNCIA DE RECURSOS PARA PROJETOS CULTURAIS - APOIO A REALIZACAO DE PROJETOS CULTURAIS - DISTRITO FEDERAL,335043,0,Ativo,0.0,0.0,0.0,0.0,16031,PROJETO  “NOSSA TADIÇÃO NAS ESCOLAS”,Desbloqueado,80000.0,2025-06-06,80000.0,SECRETARIA DE ESTADO DE CULTURA E ECONOMIA CRIATIV
1097.01,Wellington Luiz,16101-SECEC,13.392.6219.9075.0010,TRANSFERÊNCIA DE RECURSOS PARA PROJETOS CULTURAIS - APOIO A REALIZACAO DE PROJETOS CULTURAIS - DISTRITO FEDERAL,335043,0,Ativo,0.0,0.0,0.0,0.0,16130,"PROJETO ""O MENINO DOS BRINQUEDOS""",Anulado,0.0,,0.0,SECRETARIA DE ESTADO DE CULTURA E ECONOMIA CRIATIV
1097.01,Wellington Luiz,16101-SECEC,13.392.6219.9075.0010,TRANSFERÊNCIA DE RECURSOS PARA PROJETOS CULTURAIS - APOIO A REALIZACAO DE PROJETOS CULTURAIS - DISTRITO FEDERAL,335043,0,Ativo,0.0,0.0,0.0,0.0,16451,“POR DO SOL NO PARQUE”.,Anulado,0.0,,0.0,SECRETARIA DE ESTADO DE CULTURA E ECONOMIA CRIATIV
1097.01,Wellington Luiz,16101-SECEC,13.392.6219.9075.0010,TRANSFERÊNCIA DE RECURSOS PARA PROJETOS CULTURAIS - APOIO A REALIZACAO DE PROJETOS CULTURAIS - DISTRITO FEDERAL,335043,0,Ativo,0.0,0.0,0.0,0.0,16549,"PROJETO ""O MENINO DOS BRINQUEDOS""",Desbloqueado,100000.0,2025-09-12,100000.0,SECRETARIA DE ESTADO DE CULTURA E ECONOMIA CRIATIV
1097.01,Wellington Luiz,16101-SECEC,13.392.6219.9075.0010,TRANSFERÊNCIA DE RECURSOS PARA PROJETOS CULTURAIS - APOIO A REALIZACAO DE PROJETOS CULTURAIS - DISTRITO FEDERAL,335043,0,Ativo,0.0,0.0,0.0,0.0,17466,OFÍCIO 002/2025,Anulado,0.0,,0.0,SECRETARIA DE ESTADO DE CULTURA E ECONOMIA CRIATIV
1097.01,Wellington Luiz,16101-SECEC,13.392.6219.9075.0010,TRANSFERÊNCIA DE RECURSOS PARA PROJETOS CULTURAIS - APOIO A REALIZACAO DE PROJETOS CULTURAIS - DISTRITO FEDERAL,335043,0,Ativo,0.0,0.0,0.0,0.0,17467,POR DO SOL NO PARQUE,Anulado,0.0,,0.0,SECRETARIA DE ESTADO DE CULTURA E ECONOMIA CRIATIV
1097.01,Wellington Luiz,16101-SECEC,13.392.6219.9075.0010,TRANSFERÊNCIA DE RECURSOS PARA PROJETOS CULTURAIS - APOIO A REALIZACAO DE PROJETOS CULTURAIS - DISTRITO FEDERAL,335043,0,Ativo,0.0,0.0,0.0,0.0,17468,POR DO SOL NO PARQUE,Desbloqueado,100000.0,2025-10-17,100000.0,SECRETARIA DE ESTADO DE CULTURA E ECONOMIA CRIATIV
1097.01,Wellington Luiz,16101-SECEC,13.392.6219.9075.0010,TRANSFERÊNCIA DE RECURSOS PARA PROJETOS CULTURAIS - APOIO A REALIZACAO DE PROJETOS CULTURAIS - DISTRITO FEDERAL,335041,0,Ativo,82192.84,82192.84,0.0,0.0,15194,“NOSSA TADIÇÃO NAS ESCOLAS”,Desbloqueado,80000.0,2025-05-23,0.0,SECRETARIA DE ESTADO DE CULTURA E ECONOMIA CRIATIV
1097.01,Wellington Luiz,16101-SECEC,13.392.6219.9075.0010,TRANSFERÊNCIA DE RECURSOS PARA PROJETOS CULTURAIS - APOIO A REALIZACAO DE PROJETOS CULTURAIS - DISTRITO FEDERAL,335041,0,Ativo,82192.84,82192.84,0.0,0.0,15239,PROJETO O MENINO DOS BRINQUEDOS.,Anulado,0.0,,0.0,SECRETARIA DE ESTADO DE CULTURA E ECONOMIA CRIATIV
1097.01,Wellington Luiz,16101-SECEC,13.392.6219.9075.0010,TRANSFERÊNCIA DE RECURSOS PARA PROJETOS CULTURAIS - APOIO A REALIZACAO DE PROJETOS CULTURAIS - DISTRITO FEDERAL,335041,0,Ativo,82192.84,82192.84,0.0,0.0,15556,PROJETO O MENINO DOS BRINQUEDOS.,Anulado,0.0,,0.0,SECRETARIA DE ESTADO DE CULTURA E ECONOMIA CRIATIV
1097.01,Wellington Luiz,16101-SECEC,13.392.6219.9075.0010,TRANSFERÊNCIA DE RECURSOS PARA PROJETOS CULTURAIS - APOIO A REALIZACAO DE PROJETOS CULTURAIS - DISTRITO FEDERAL,335041,0,Ativo,82192.84,82192.84,0.0,0.0,15768,PROJETO 6ª EDIÇÃO DO GRAN FONDO BRASÍLIA.,Desbloqueado,150000.0,2025-06-04,150000.0,SECRETARIA DE ESTADO DE CULTURA E ECONOMIA CRIATIV
1097.01,Wellington Luiz,16101-SECEC,13.392.6219.9075.0010,TRANSFERÊNCIA DE RECURSOS PARA PROJETOS CULTURAIS - APOIO A REALIZACAO DE PROJETOS CULTURAIS - DISTRITO FEDERAL,335041,0,Ativo,82192.84,82192.84,0.0,0.0,15785,PROJETO “BRASÍLIA OPEN DE VÔLEI DE PRAIA”.,Desbloqueado,100000.0,2025-06-13,100000.0,SECRETARIA DE ESTADO DE CULTURA E ECONOMIA CRIATIV
1097.01,Wellington Luiz,16101-SECEC,13.392.6219.9075.0010,TRANSFERÊNCIA DE RECURSOS PARA PROJETOS CULTURAIS - APOIO A REALIZACAO DE PROJETOS CULTURAIS - DISTRITO FEDERAL,335041,0,Ativo,82192.84,82192.84,0.0,0.0,16031,PROJETO  “NOSSA TADIÇÃO NAS ESCOLAS”,Desbloqueado,80000.0,2025-06-06,80000.0,SECRETARIA DE ESTADO DE CULTURA E ECONOMIA CRIATIV
1097.01,Wellington Luiz,16101-SECEC,13.392.6219.9075.0010,TRANSFERÊNCIA DE RECURSOS PARA PROJETOS CULTURAIS - APOIO A REALIZACAO DE PROJETOS CULTURAIS - DISTRITO FEDERAL,335041,0,Ativo,82192.84,82192.84,0.0,0.0,16130,"PROJETO ""O MENINO DOS BRINQUEDOS""",Anulado,0.0,,0.0,SECRETARIA DE ESTADO DE CULTURA E ECONOMIA CRIATIV
1097.01,Wellington Luiz,16101-SECEC,13.392.6219.9075.0010,TRANSFERÊNCIA DE RECURSOS PARA PROJETOS CULTURAIS - APOIO A REALIZACAO DE PROJETOS CULTURAIS - DISTRITO FEDERAL,335041,0,Ativo,82192.84,82192.84,0.0,0.0,16451,“POR DO SOL NO PARQUE”.,Anulado,0.0,,0.0,SECRETARIA DE ESTADO DE CULTURA E ECONOMIA CRIATIV
1097.01,Wellington Luiz,16101-SECEC,13.392.6219.9075.0010,TRANSFERÊNCIA DE RECURSOS PARA PROJETOS CULTURAIS - APOIO A REALIZACAO DE PROJETOS CULTURAIS - DISTRITO FEDERAL,335041,0,Ativo,82192.84,82192.84,0.0,0.0,16549,"PROJETO ""O MENINO DOS BRINQUEDOS""",Desbloqueado,100000.0,2025-09-12,100000.0,SECRETARIA DE ESTADO DE CULTURA E ECONOMIA CRIATIV
1097.01,Wellington Luiz,16101-SECEC,13.392.6219.9075.0010,TRANSFERÊNCIA DE RECURSOS PARA PROJETOS CULTURAIS - APOIO A REALIZACAO DE PROJETOS CULTURAIS - DISTRITO FEDERAL,335041,0,Ativo,82192.84,82192.84,0.0,0.0,17466,OFÍCIO 002/2025,Anulado,0.0,,0.0,SECRETARIA DE ESTADO DE CULTURA E ECONOMIA CRIATIV
1097.01,Wellington Luiz,16101-SECEC,13.392.6219.9075.0010,TRANSFERÊNCIA DE RECURSOS PARA PROJETOS CULTURAIS - APOIO A REALIZACAO DE PROJETOS CULTURAIS - DISTRITO FEDERAL,335041,0,Ativo,82192.84,82192.84,0.0,0.0,17467,POR DO SOL NO PARQUE,Anulado,0.0,,0.0,SECRETARIA DE ESTADO DE CULTURA E ECONOMIA CRIATIV
1097.01,Wellington Luiz,16101-SECEC,13.392.6219.9075.0010,TRANSFERÊNCIA DE RECURSOS PARA PROJETOS CULTURAIS - APOIO A REALIZACAO DE PROJETOS CULTURAIS - DISTRITO FEDERAL,335041,0,Ativo,82192.84,82192.84,0.0,0.0,17468,POR DO SOL NO PARQUE,Desbloqueado,100000.0,2025-10-17,100000.0,SECRETARIA DE ESTADO DE CULTURA E ECONOMIA CRIATIV
1098.01,Wellington Luiz,9113-CRUZEIRO,27.812.6206.3678.0040,REALIZAÇÃO DE EVENTOS - APOIO A REALIZACAO DOS JOGOS COMUNITARIOS - DISTRITO FEDERAL,339030,70000,Ativo,1673.15,0.0,68326.85,0.0,15193,REALIZAÇÃO DOS JOGOS COMUNITÁRIOS EM COMEMORAÇÃO AO ANIVERSÁRIO DE 66 ANOS DO CRUZEIRO - RA XI.,Desbloqueado,70000.0,2025-08-29,70000.0,ADM. REG. DO CRUZEIRO
1099.01,Wellington Luiz,26205-DER,26.782.6217.4197.0004,MANUTENÇÃO DA SINALIZAÇÃO HORIZONTAL E VERTICAL DE - APOIO A IMPLANTACAO DE PLACAS DE ENDERECAMENTO NO CRUZEIRO - DISTRITO FEDERAL,339030,300000,Ativo,0.0,0.0,0.0,300000.0,15226,PLACAS DE ENDEREÇAMENTO NA REGIÃO DO CRUZEIRO NOVO - RA XI.,Em Análise SERP,0.0,,0.0,DEPARTAMENTO DE ESTRADAS DE RODAGEM
1100.01,Wellington Luiz,9113-CRUZEIRO,27.812.6206.3678.0041,REALIZAÇÃO DE EVENTOS - APOIO A REALIZACAO DOS JOGOS COMUNITARIOS - DISTRITO FEDERAL,339039,70000,Ativo,21037.5,0.0,48962.5,0.0,15192,REALIZAÇÃO DOS JOGOS COMUNITÁRIOS EM COMEMORAÇÃO AO ANIVERSÁRIO DE 66 ANOS CRUZEIRO - RA XI,Desbloqueado,70000.0,2025-08-29,70000.0,ADM. REG. DO CRUZEIRO
1101.01,Wellington Luiz,24105-PCDF,27.128.6206.2024.0005,APOIO AO DESPORTO E LAZER - APOIO A PARTICIPACAO DE ATLETAS WPFG/2025 - DISTRITO FEDERAL,339014,300000,Ativo,300000.0,300000.0,0.0,0.0,15178,SOLICITAÇÃO DE APORTE ORÇAMENTÁRIO PARA POLICIAIS CIVIS EM FUNÇÃO DOS JOGOS MUNDIAIS POLICIAIS - WORLD POLICE & FIRE GAMES 2025.,Desbloqueado,300000.0,2025-05-16,300000.0,POLÍCIA CIVIL DO DISTRITO FEDERAL
1102.01,Wellington Luiz,34101-SEL,27.811.6206.2631.0004,APOIO AO COMPETE BRASÍLIA - APOIO A COMPRA DE PASSAGENS PARA ATLETAS APOSENTADOS DA PCDF WPFG/2025 - DISTRITO FEDERAL,339033,200000,Ativo,0.0,0.0,200000.0,0.0,15176,APOIO AO COMPETE BRASILIA UNIDADES ADMINISTRATIVAS - DISTRITO FEDERAL.,Desbloqueado,200000.0,2025-05-16,200000.0,SECRETARIA DE ESTADO DO ESPORTE E LAZER DO DISTRIT
1103.01,Wellington Luiz,26206-METRÔ,26.453.6217.3467.0013,AQUISIÇÃO DE EQUIPAMENTOS - AQUISIÇÃO DE EQUIPAMENTOS PARA O CSO - DISTRITO FEDERAL,449052,500000,Ativo,0.0,0.0,500000.0,0.0,15166,AQUISIÇÃO DE 160 UNIDADES DE CÂMERAS DE CORPO (BODY CAM) PARA O CORPO DE SEGURANÇA OPERACIONAL DO METRÔ-DF.,Desbloqueado,500000.0,2025-10-16,500000.0,COMPANHIA DO METROPOLITANO DO DISTRITO FEDERAL
1234.01,Wellington Luiz,26205-DER,26.782.6216.1968.0023,"ELABORAÇÃO DE PROJETOS - APOIO A REALIZACAO DE PROJETOS NO DF
 - DISTRITO FEDERAL",449051,500000,Ativo,0.0,0.0,500000.0,0.0,15958,PAVIMENTAÇÃO ASFÁLTICA.,Desbloqueado,500000.0,2025-08-29,500000.0,DEPARTAMENTO DE ESTRADAS DE RODAGEM
1234.01,Wellington Luiz,26205-DER,26.782.6216.1968.0023,"ELABORAÇÃO DE PROJETOS - APOIO A REALIZACAO DE PROJETOS NO DF
 - DISTRITO FEDERAL",449051,500000,Ativo,0.0,0.0,500000.0,0.0,15172,PAVIMENTAÇÃO ASFÁLTICA.,Anulado,0.0,,0.0,DEPARTAMENTO DE ESTRADAS DE RODAGEM
2027.01,Wellington Luiz,23901-FSDF,10.302.6202.9107.0470,TRANSFERÊNCIA FINANCEIRA A ENTIDADES-APOIO A REALIZACAO DE PROJETOS DE SAUDE-DISTRITO FEDERAL,335043,100000,Ativo,0.0,0.0,0.0,0.0,15799,PROJETO PARA AÇÕES DO OUTUBRO ROSA 2025.,Desbloqueado,100000.0,2025-09-12,100000.0,FUNDO DE SAÚDE DO DISTRITO FEDERAL
2027.01,Wellington Luiz,23901-FSDF,10.302.6202.9107.0470,TRANSFERÊNCIA FINANCEIRA A ENTIDADES-APOIO A REALIZACAO DE PROJETOS DE SAUDE-DISTRITO FEDERAL,335043,0,Ativo,100000.0,100000.0,0.0,0.0,15799,PROJETO PARA AÇÕES DO OUTUBRO ROSA 2025.,Desbloqueado,100000.0,2025-09-12,100000.0,FUNDO DE SAÚDE DO DISTRITO FEDERAL
2028.01,Wellington Luiz,18101-SEE,12.243.6221.4091.0097,APOIO A PROJETOS-APOIO AS ATIVIDADES DO UNIPOP-DISTRITO FEDERAL,335041,0,Cancelado,0.0,0.0,0.0,0.0,15798,"PROJETO SEMINÁRIO INTERNACIONAL DE INTEGRAÇÃO TURÍSTICA, CULTURAL E PEDAGÓGICA, DA UNIPOP NO DF.",Anulado,0.0,,0.0,SECRETARIA DE ESTADO DE  EDUCAÇÃO DO DISTRITO FEDE
2028.01,Wellington Luiz,18101-SEE,12.243.6221.4091.0097,APOIO A PROJETOS-APOIO AS ATIVIDADES DO UNIPOP-DISTRITO FEDERAL,335043,0,Cancelado,0.0,0.0,0.0,0.0,15798,"PROJETO SEMINÁRIO INTERNACIONAL DE INTEGRAÇÃO TURÍSTICA, CULTURAL E PEDAGÓGICA, DA UNIPOP NO DF.",Anulado,0.0,,0.0,SECRETARIA DE ESTADO DE  EDUCAÇÃO DO DISTRITO FEDE
2029.01,Wellington Luiz,44101-SEJUS,14.422.6211.9107.0471,TRANSFERÊNCIA FINANCEIRA A ENTIDADES-APOIO AS ATIVIDADES DA FUNDACAO PROCURADOR PEDRO JORGE DE MELO E SILVA-DISTRITO FEDERAL,335043,300000,Ativo,300000.0,300000.0,0.0,0.0,15800,PROJETO FLOR DE MAIO.,Anulado,0.0,,0.0,SECRETARIA DE ESTADO DE JUSTIÇA E CIDADANIA
2029.01,Wellington Luiz,44101-SEJUS,14.422.6211.9107.0471,TRANSFERÊNCIA FINANCEIRA A ENTIDADES-APOIO AS ATIVIDADES DA FUNDACAO PROCURADOR PEDRO JORGE DE MELO E SILVA-DISTRITO FEDERAL,335043,300000,Ativo,300000.0,300000.0,0.0,0.0,16391,PROJETO FLOR DE MAIO  - GAMA.,Desbloqueado,300000.0,2025-08-29,300000.0,SECRETARIA DE ESTADO DE JUSTIÇA E CIDADANIA
2029.01,Wellington Luiz,44101-SEJUS,14.422.6211.9107.0471,TRANSFERÊNCIA FINANCEIRA A ENTIDADES-APOIO AS ATIVIDADES DA FUNDACAO PROCURADOR PEDRO JORGE DE MELO E SILVA-DISTRITO FEDERAL,335041,0,Ativo,0.0,0.0,0.0,0.0,15800,PROJETO FLOR DE MAIO.,Anulado,0.0,,0.0,SECRETARIA DE ESTADO DE JUSTIÇA E CIDADANIA
2029.01,Wellington Luiz,44101-SEJUS,14.422.6211.9107.0471,TRANSFERÊNCIA FINANCEIRA A ENTIDADES-APOIO AS ATIVIDADES DA FUNDACAO PROCURADOR PEDRO JORGE DE MELO E SILVA-DISTRITO FEDERAL,335041,0,Ativo,0.0,0.0,0.0,0.0,16391,PROJETO FLOR DE MAIO  - GAMA.,Desbloqueado,300000.0,2025-08-29,300000.0,SECRETARIA DE ESTADO DE JUSTIÇA E CIDADANIA
2031.01,Wellington Luiz,23901-FSDF,10.301.6202.4208.0006,DESENVOLVIMENTOS DAS AÇÕES DE ATENÇÃO PRIMÁRIA EM SAÚDE-APOIO A AQUISICAO DE EQUIPAMENTOS-DISTRITO FEDERAL,449052,0,Cancelado,0.0,0.0,0.0,0.0,15980,MANUTENÇÃO PREDIAL FARMÁCIA VIVA - REGIÃO DE SAÚDE CENTRO-SUL.,Anulado,0.0,,0.0,FUNDO DE SAÚDE DO DISTRITO FEDERAL
2067.01,Wellington Luiz,9113-CRUZEIRO,15.451.6206.1950.0032,CONSTRUÇÃO DE PRAÇAS PÚBLICAS E PARQUES-APOIO A IMPLANTACAO DE PARCAO NO CRUZEIRO-DISTRITO FEDERAL,339030,50000,Ativo,0.0,0.0,0.0,50000.0,15801,IMPLANTAÇÃO DE UM PARCÃO NO CRUZEIRO - RA XI.,Em Análise Unidade,0.0,,0.0,ADM. REG. DO CRUZEIRO
2067.01,Wellington Luiz,9113-CRUZEIRO,15.451.6206.1950.0032,CONSTRUÇÃO DE PRAÇAS PÚBLICAS E PARQUES-APOIO A IMPLANTACAO DE PARCAO NO CRUZEIRO-DISTRITO FEDERAL,339030,50000,Ativo,0.0,0.0,0.0,50000.0,15802,IMPLANTAÇÃO DE UM PARCÃO NO CRUZEIRO - RA XI.,Em Análise Unidade,0.0,,0.0,ADM. REG. DO CRUZEIRO
2067.01,Wellington Luiz,9113-CRUZEIRO,15.451.6206.1950.0032,CONSTRUÇÃO DE PRAÇAS PÚBLICAS E PARQUES-APOIO A IMPLANTACAO DE PARCAO NO CRUZEIRO-DISTRITO FEDERAL,339039,30000,Ativo,0.0,0.0,0.0,30000.0,15801,IMPLANTAÇÃO DE UM PARCÃO NO CRUZEIRO - RA XI.,Em Análise Unidade,0.0,,0.0,ADM. REG. DO CRUZEIRO
2067.01,Wellington Luiz,9113-CRUZEIRO,15.451.6206.1950.0032,CONSTRUÇÃO DE PRAÇAS PÚBLICAS E PARQUES-APOIO A IMPLANTACAO DE PARCAO NO CRUZEIRO-DISTRITO FEDERAL,339039,30000,Ativo,0.0,0.0,0.0,30000.0,15802,IMPLANTAÇÃO DE UM PARCÃO NO CRUZEIRO - RA XI.,Em Análise Unidade,0.0,,0.0,ADM. REG. DO CRUZEIRO
3056.01,Wellington Luiz,22201-NOVACAP,15.752.6209.1836.0019,AMPLIAÇÃO DOS PONTOS DE ILUMINAÇÃO PÚBLICA - APOIO A AMPLIAÇÃO DE PONTOS DE ILUMINAÇÃO  - DISTRITO FEDERAL,449051,500000,Ativo,0.0,0.0,0.0,0.0,16387,APOIO A AMPLIAÇÃO DE PONTOS DE ILUMINAÇÃO  - DISTRITO FEDERAL.,Anulado,0.0,,0.0,COMPANHIA URBANIZADORA DA NOVA CAPITAL
3056.01,Wellington Luiz,22201-NOVACAP,15.752.6209.1836.0019,AMPLIAÇÃO DOS PONTOS DE ILUMINAÇÃO PÚBLICA - APOIO A AMPLIAÇÃO DE PONTOS DE ILUMINAÇÃO  - DISTRITO FEDERAL,449051,500000,Ativo,0.0,0.0,0.0,0.0,16561,APOIO A AMPLIAÇÃO DE PONTOS DE ILUMINAÇÃO  NO DISTRITO FEDERAL.,Desbloqueado,500000.0,2025-07-25,500000.0,COMPANHIA URBANIZADORA DA NOVA CAPITAL
3056.01,Wellington Luiz,22201-NOVACAP,15.752.6209.1836.0019,AMPLIAÇÃO DOS PONTOS DE ILUMINAÇÃO PÚBLICA - APOIO A AMPLIAÇÃO DE PONTOS DE ILUMINAÇÃO  - DISTRITO FEDERAL,449051,0,Ativo,500000.0,0.0,0.0,0.0,16387,APOIO A AMPLIAÇÃO DE PONTOS DE ILUMINAÇÃO  - DISTRITO FEDERAL.,Anulado,0.0,,0.0,COMPANHIA URBANIZADORA DA NOVA CAPITAL
3056.01,Wellington Luiz,22201-NOVACAP,15.752.6209.1836.0019,AMPLIAÇÃO DOS PONTOS DE ILUMINAÇÃO PÚBLICA - APOIO A AMPLIAÇÃO DE PONTOS DE ILUMINAÇÃO  - DISTRITO FEDERAL,449051,0,Ativo,500000.0,0.0,0.0,0.0,16561,APOIO A AMPLIAÇÃO DE PONTOS DE ILUMINAÇÃO  NO DISTRITO FEDERAL.,Desbloqueado,500000.0,2025-07-25,500000.0,COMPANHIA URBANIZADORA DA NOVA CAPITAL
3057.01,Wellington Luiz,44101-SEJUS,14.422.6211.9107.0106,TRANSFERÊNCIA FINANCEIRA A ENTIDADES - APOIO AS ATIVIDADES DE ENTIDADES DE DIREITOS HUMANOS - DISTRITO FEDERAL,335043,350000,Ativo,0.0,0.0,0.0,350000.0,16445,PROJETO ATENDIMENTOS TERAPÊUTICOS PARA PESSOAS COM AUTISMO.,Em Análise SERP,0.0,,0.0,SECRETARIA DE ESTADO DE JUSTIÇA E CIDADANIA
3057.01,Wellington Luiz,44101-SEJUS,14.422.6211.9107.0106,TRANSFERÊNCIA FINANCEIRA A ENTIDADES - APOIO AS ATIVIDADES DE ENTIDADES DE DIREITOS HUMANOS - DISTRITO FEDERAL,335043,350000,Ativo,0.0,0.0,0.0,350000.0,16487,PROJETO REAPRENDER PARA VIVER LIBERTO.,Em Análise SERP,0.0,,0.0,SECRETARIA DE ESTADO DE JUSTIÇA E CIDADANIA
3059.01,Wellington Luiz,18101-SEE,12.243.6221.9107.0101,TRANSFERÊNCIA FINANCEIRA A ENTIDADES-APOIO AS ATIVIDADES DO INSTITUTO UNIPOP- DISTRITO FEDERAL,335041,0,Ativo,0.0,0.0,0.0,0.0,16464,PROJETO DE EDUCAÇÃO CIDADÃ .,Desbloqueado,300000.0,2025-09-05,300000.0,SECRETARIA DE ESTADO DE  EDUCAÇÃO DO DISTRITO FEDE
3059.01,Wellington Luiz,18101-SEE,12.243.6221.9107.0101,TRANSFERÊNCIA FINANCEIRA A ENTIDADES-APOIO AS ATIVIDADES DO INSTITUTO UNIPOP- DISTRITO FEDERAL,335043,300000,Ativo,0.0,0.0,300000.0,0.0,16464,PROJETO DE EDUCAÇÃO CIDADÃ .,Desbloqueado,300000.0,2025-09-05,300000.0,SECRETARIA DE ESTADO DE  EDUCAÇÃO DO DISTRITO FEDE
3061.01,Wellington Luiz,23901-FSDF,10.301.8202.2396.0016,CONSERVAÇÃO DAS ESTRUTURAS FÍSICAS DE EDIFICAÇÕES PÚBLICAS - APOIO A MANUTENCAO PREDIAL - DISTRITO FEDERAL,339039,100000,Ativo,0.0,0.0,0.0,0.0,16437,MANUTENÇÃO PREDIAL FARMÁCIA VIVA - REGIÃO DE SAÚDE CENTRO-SUL.,Desbloqueado,100000.0,2025-08-19,100000.0,FUNDO DE SAÚDE DO DISTRITO FEDERAL
3061.01,Wellington Luiz,23901-FSDF,10.301.8202.2396.0016,CONSERVAÇÃO DAS ESTRUTURAS FÍSICAS DE EDIFICAÇÕES PÚBLICAS - APOIO A MANUTENCAO PREDIAL - DISTRITO FEDERAL,339039,0,Ativo,100000.0,0.0,0.0,0.0,16437,MANUTENÇÃO PREDIAL FARMÁCIA VIVA - REGIÃO DE SAÚDE CENTRO-SUL.,Desbloqueado,100000.0,2025-08-19,100000.0,FUNDO DE SAÚDE DO DISTRITO FEDERAL
3062.01,Wellington Luiz,23901-FSDF,10.122.6202.4166.0003,PLANEJAMENTO E GESTÃO DA ATENÇÃO ESPECIALIZADA - APOIO A REALIZACAO DE PDPAS - DISTRITO FEDERAL,449052,0,Ativo,300000.0,300000.0,0.0,0.0,16439,"HOSPITAL REGIONAL DE CEILÂNDIA (HRC), DIRETORIA DE ATENÇÃO SECUNDÁRIA E DIRETORIA DE ATENÇÃO PRIMÁRIA À SAÚDE DA REGIÃO OESTE.",Desbloqueado,300000.0,2025-09-05,300000.0,FUNDO DE SAÚDE DO DISTRITO FEDERAL
3062.01,Wellington Luiz,23901-FSDF,10.122.6202.4166.0003,PLANEJAMENTO E GESTÃO DA ATENÇÃO ESPECIALIZADA - APOIO A REALIZACAO DE PDPAS - DISTRITO FEDERAL,449052,300000,Ativo,0.0,0.0,0.0,0.0,16439,"HOSPITAL REGIONAL DE CEILÂNDIA (HRC), DIRETORIA DE ATENÇÃO SECUNDÁRIA E DIRETORIA DE ATENÇÃO PRIMÁRIA À SAÚDE DA REGIÃO OESTE.",Desbloqueado,300000.0,2025-09-05,300000.0,FUNDO DE SAÚDE DO DISTRITO FEDERAL
3064.01,Wellington Luiz,25101-SEDET,11.333.6207.9107.0102,TRANSFERÊNCIA FINANCEIRA A ENTIDADES - APOIO A TRANSFERENCIA DE RECURSOS PARA REALIZACAO DE PROJETOS - DISTRITO FEDERAL,335041,150000,Ativo,150000.0,150000.0,0.0,0.0,16443,PROJETO INTERFASHION BRASÍLIA,Desbloqueado,150000.0,2025-08-19,150000.0,"SCT DESENVOLVIMENTO ECONÔMICO, TRABALHO E RENDA"
4094.01,Wellington Luiz,44101-SEJUS,14.422.6211.4217.0002,MANUTENÇÃO DO SISTEMA SOCIOEDUCATIVO - DISTRITO FEDERAL,449052,300000,Ativo,85149.0,0.0,214851.0,0.0,17220,AQUISIÇÃO DE BENS PERMANENTES PARA O SISTEMA SOCIOEDUCATIVO.,Desbloqueado,300000.0,2025-10-03,300000.0,SECRETARIA DE ESTADO DE JUSTIÇA E CIDADANIA
4095.01,Wellington Luiz,23901-FSDF,10.122.8202.8517.0077,MANUTENÇÃO DE SERVIÇOS ADMINISTRATIVOS GERAIS - APOIO A AQUISICAO DE EQUIPAMENTOS PARA O PODCAST FEPECS - DISTRITO FEDERAL,449052,37000,Ativo,0.0,0.0,0.0,37000.0,17224,PROJETO DE CRIAÇÃO DE PODCAST/STÚDIO PARA ESCOLA DE SAÚDE PÚBLICA DO DISTRITO FEDERAL (ESP/DF).,Em Análise SERP,0.0,,0.0,FUNDO DE SAÚDE DO DISTRITO FEDERAL
4096.01,Wellington Luiz,23901-FSDF,10.122.8202.8517.0098,MANUTENÇÃO DE SERVIÇOS ADMINISTRATIVOS GERAIS - APOIO A AQUISICAO DE MATERIAL PARA A FEPECS - DISTRITO FEDERAL,339030,105000,Ativo,0.0,0.0,0.0,105000.0,17233,AQUISIÇÃO DE MATERIAL PARA REALIZAÇÃO DE HISTEROSCOPIA AMBULATORIAL,Em Análise Unidade,0.0,,0.0,FUNDO DE SAÚDE DO DISTRITO FEDERAL
4098.01,Wellington Luiz,23901-FSDF,10.122.8202.8517.0100,MANUTENÇÃO DE SERVIÇOS ADMINISTRATIVOS GERAIS - APOIO A AQUISICAO DE EQUIPAMENTOS PARA O HEMOCENTRO - DISTRITO FEDERAL,449052,224000,Ativo,0.0,0.0,0.0,0.0,17234,MANUTENÇÃO DE SERVIÇOS ADMINISTRATIVOS GERAIS - APOIO A AQUISICAO DE EQUIPAMENTOS PARA O HEMOCENTRO - DISTRITO FEDERAL.,Desbloqueado,224000.0,2025-10-03,224000.0,FUNDO DE SAÚDE DO DISTRITO FEDERAL
4098.01,Wellington Luiz,23901-FSDF,10.122.8202.8517.0100,MANUTENÇÃO DE SERVIÇOS ADMINISTRATIVOS GERAIS - APOIO A AQUISICAO DE EQUIPAMENTOS PARA O HEMOCENTRO - DISTRITO FEDERAL,449052,0,Ativo,0.0,0.0,0.0,0.0,17234,MANUTENÇÃO DE SERVIÇOS ADMINISTRATIVOS GERAIS - APOIO A AQUISICAO DE EQUIPAMENTOS PARA O HEMOCENTRO - DISTRITO FEDERAL.,Desbloqueado,224000.0,2025-10-03,224000.0,FUNDO DE SAÚDE DO DISTRITO FEDERAL
4098.01,Wellington Luiz,23901-FSDF,10.122.8202.8517.0100,MANUTENÇÃO DE SERVIÇOS ADMINISTRATIVOS GERAIS - APOIO A AQUISICAO DE EQUIPAMENTOS PARA O HEMOCENTRO - DISTRITO FEDERAL,449052,0,Ativo,223370.0,0.0,630.0,0.0,17234,MANUTENÇÃO DE SERVIÇOS ADMINISTRATIVOS GERAIS - APOIO A AQUISICAO DE EQUIPAMENTOS PARA O HEMOCENTRO - DISTRITO FEDERAL.,Desbloqueado,224000.0,2025-10-03,224000.0,FUNDO DE SAÚDE DO DISTRITO FEDERAL
4120.01,Wellington Luiz,64101-SEAPE,06.126.8217.1471.0091,MODERNIZAÇÃO DE SISTEMA DE INFORMAÇÃO - APOIO A MODERNIZACAO DE SISTEMAS DE INFORMACAO - DISTRITO FEDERAL,449052,1000000,Ativo,995153.0,0.0,4847.0,0.0,17235,“AQUISIÇÃO DE COMPUTADORES PARA O SISTEMA PENITENCIÁRIO”.,Desbloqueado,1000000.0,2025-09-26,1000000.0,SECRETARIA DE ESTADO ADMINISTRAÇÃO PENITENCIÁRIA D
5048.01,Wellington Luiz,26206-METRÔ,26.451.8216.2396.0018,CONSERVAÇÃO DAS ESTRUTURAS FÍSICAS DE EDIFICAÇÕES PÚBLICAS - APOIO A CONSERVACAO DAS ESTRUTURAS FISICAS - DISTRITO FEDERAL,339039,1000000,Ativo,1000000.0,0.0,0.0,0.0,17556,"CONSERVAÇÃO DAS ESTRUTURAS FÍSICAS DE EDIFICAÇÕES DA
COMPANHIA DO METROPOLITANO DO DISTRITO FEDERAL.",Desbloqueado,1000000.0,2025-10-16,1000000.0,COMPANHIA DO METROPOLITANO DO DISTRITO FEDERAL
